arch;lock;dist;zipf_theta;threads;buckets;key_range;prefill;stream_len;read_pct;insert_pct;delete_pct;n;ops_s_median;ops_s_mean;ops_s_p25;ops_s_p75;ops_s_min;ops_s_max;ops_s_cov_pct;ns_op_median;ns_op_mean;ns_op_p25;ns_op_p75;ns_op_min;ns_op_max;ns_op_cov_pct;fairness_ratio_median;fairness_ratio_mean;fairness_ratio_p25;fairness_ratio_p75;fairness_ratio_min;fairness_ratio_max;fairness_ratio_cov_pct
aarch64;wh-cas;uniform;0,990000;1;65536;1000;500;4096;50;25;25;3;1,38711e+07;1,38657e+07;1,38452e+07;1,38808e+07;1,38452e+07;1,38808e+07;0,132452;72,0924;72,1205;72,0421;72,227;72,0421;72,227;0,132523;1;1;1;1;1;1;0
aarch64;wh-cas;uniform;0,990000;1;65536;1000;500;4096;90;5;5;3;1,92777e+07;1,92948e+07;1,9265e+07;1,93417e+07;1,9265e+07;1,93417e+07;0,213088;51,8735;51,8276;51,7018;51,9076;51,7018;51,9076;0,212855;1;1;1;1;1;1;0
aarch64;wh-cas;uniform;0,990000;1;65536;100000;50000;4096;50;25;25;3;1,45168e+07;1,44926e+07;1,44051e+07;1,45557e+07;1,44051e+07;1,45557e+07;0,539513;68,8856;69,0023;68,7015;69,4198;68,7015;69,4198;0,540743;1;1;1;1;1;1;0
aarch64;wh-cas;uniform;0,990000;1;65536;100000;50000;4096;90;5;5;3;1,75875e+07;1,75505e+07;1,74751e+07;1,75889e+07;1,74751e+07;1,75889e+07;0,371904;56,8587;56,9789;56,854;57,2241;56,854;57,2241;0,372702;1;1;1;1;1;1;0
aarch64;wh-cas;uniform;0,990000;2;65536;1000;500;4096;50;25;25;3;1,61168e+07;1,61258e+07;1,61018e+07;1,61589e+07;1,61018e+07;1,61589e+07;0,183822;62,0472;62,0125;61,8853;62,105;61,8853;62,105;0,18368;0,992235;0,991661;0,990306;0,992443;0,990306;0,992443;0,118826
aarch64;wh-cas;uniform;0,990000;2;65536;1000;500;4096;90;5;5;3;2,2183e+07;2,22906e+07;2,19841e+07;2,27046e+07;2,19841e+07;2,27046e+07;1,66921;45,0795;44,8703;44,044;45,4874;44,044;45,4874;1,65834;0,996943;0,993871;0,987205;0,997466;0,987205;0,997466;0,581477
aarch64;wh-cas;uniform;0,990000;2;65536;100000;50000;4096;50;25;25;3;2,06951e+07;2,0678e+07;2,06054e+07;2,07335e+07;2,06054e+07;2,07335e+07;0,317887;48,3206;48,3609;48,2311;48,531;48,2311;48,531;0,318255;0,982682;0,984629;0,981707;0,989499;0,981707;0,989499;0,431161
aarch64;wh-cas;uniform;0,990000;2;65536;100000;50000;4096;90;5;5;3;2,61326e+07;2,6266e+07;2,6084e+07;2,65814e+07;2,6084e+07;2,65814e+07;1,04403;38,2663;38,0748;37,6203;38,3377;37,6203;38,3377;1,038;0,98974;0,990281;0,988674;0,99243;0,988674;0,99243;0,195463
aarch64;wh-cas;uniform;0,990000;4;65536;1000;500;4096;50;25;25;3;2,47457e+07;2,49461e+07;2,45415e+07;2,55509e+07;2,45415e+07;2,55509e+07;2,13937;40,411;40,0986;39,1375;40,7473;39,1375;40,7473;2,1176;0,984336;0,984006;0,983331;0,984351;0,983331;0,984351;0,0594118
aarch64;wh-cas;uniform;0,990000;4;65536;1000;500;4096;90;5;5;3;3,64188e+07;3,63881e+07;3,62782e+07;3,64674e+07;3,62782e+07;3,64674e+07;0,270073;27,4584;27,4816;27,4217;27,5648;27,4217;27,5648;0,270381;0,988362;0,988464;0,987932;0,989097;0,987932;0,989097;0,0595992
aarch64;wh-cas;uniform;0,990000;4;65536;100000;50000;4096;50;25;25;3;3,67972e+07;3,68761e+07;3,67075e+07;3,71236e+07;3,67075e+07;3,71236e+07;0,593786;27,176;27,1185;26,937;27,2424;26,937;27,2424;0,592135;0,968603;0,969262;0,967897;0,971285;0,967897;0,971285;0,184415
aarch64;wh-cas;uniform;0,990000;4;65536;100000;50000;4096;90;5;5;3;4,69253e+07;4,68114e+07;4,6555e+07;4,69538e+07;4,6555e+07;4,69538e+07;0,475216;21,3105;21,3627;21,2975;21,48;21,2975;21,48;0,4765;0,986488;0,986677;0,986386;0,987158;0,986386;0,987158;0,0425045
aarch64;wh-cas;uniform;0,990000;8;65536;1000;500;4096;50;25;25;3;2,45164e+07;2,45539e+07;2,39082e+07;2,52371e+07;2,39082e+07;2,52371e+07;2,70921;40,789;40,7466;39,6242;41,8266;39,6242;41,8266;2,70401;0,971196;0,970046;0,966873;0,972068;0,966873;0,972068;0,286789
aarch64;wh-cas;uniform;0,990000;8;65536;1000;500;4096;90;5;5;3;3,38269e+07;3,40478e+07;3,37221e+07;3,45943e+07;3,37221e+07;3,45943e+07;1,39856;29,5623;29,3743;28,9065;29,6541;28,9065;29,6541;1,38798;0,969044;0,970014;0,966954;0,974045;0,966954;0,974045;0,375636
aarch64;wh-cas;uniform;0,990000;8;65536;100000;50000;4096;50;25;25;3;6,64779e+07;6,61903e+07;6,55953e+07;6,64978e+07;6,55953e+07;6,64978e+07;0,778695;15,0426;15,1086;15,0381;15,245;15,0381;15,245;0,782206;0,962284;0,961472;0,959727;0,962404;0,959727;0,962404;0,157271
aarch64;wh-cas;uniform;0,990000;8;65536;100000;50000;4096;90;5;5;3;8,74195e+07;8,76388e+07;8,73374e+07;8,81595e+07;8,73374e+07;8,81595e+07;0,516654;11,4391;11,4107;11,3431;11,4498;11,3431;11,4498;0,515172;0,980274;0,981603;0,979917;0,984618;0,979917;0,984618;0,266621
aarch64;wh-cas;zipfian;0,990000;1;65536;1000;500;4096;50;25;25;3;1,44652e+07;1,44642e+07;1,44466e+07;1,44809e+07;1,44466e+07;1,44809e+07;0,118879;69,1315;69,1362;69,0564;69,2206;69,0564;69,2206;0,118892;1;1;1;1;1;1;0
aarch64;wh-cas;zipfian;0,990000;1;65536;1000;500;4096;90;5;5;3;1,92571e+07;1,92269e+07;1,91534e+07;1,92702e+07;1,91534e+07;1,92702e+07;0,332808;51,929;52,0109;51,8935;52,2101;51,8935;52,2101;0,333418;1;1;1;1;1;1;0
aarch64;wh-cas;zipfian;0,990000;1;65536;100000;50000;4096;50;25;25;3;1,42149e+07;1,42096e+07;1,41093e+07;1,43046e+07;1,41093e+07;1,43046e+07;0,687714;70,3487;70,3771;69,9077;70,875;69,9077;70,875;0,688113;1;1;1;1;1;1;0
aarch64;wh-cas;zipfian;0,990000;1;65536;100000;50000;4096;90;5;5;3;1,77772e+07;1,78357e+07;1,77736e+07;1,79562e+07;1,77736e+07;1,79562e+07;0,585304;56,2518;56,0687;55,6911;56,2633;55,6911;56,2633;0,583333;1;1;1;1;1;1;0
aarch64;wh-cas;zipfian;0,990000;2;65536;1000;500;4096;50;25;25;3;1,46253e+07;1,46606e+07;1,46042e+07;1,47522e+07;1,46042e+07;1,47522e+07;0,546243;68,3746;68,2115;67,7864;68,4736;67,7864;68,4736;0,544661;0,997287;0,997504;0,996937;0,998288;0,996937;0,998288;0,0702909
aarch64;wh-cas;zipfian;0,990000;2;65536;1000;500;4096;90;5;5;3;2,32911e+07;2,33109e+07;2,31602e+07;2,34814e+07;2,31602e+07;2,34814e+07;0,692985;42,9348;42,8997;42,5868;43,1775;42,5868;43,1775;0,69213;0,997685;0,997614;0,996928;0,998228;0,996928;0,998228;0,0654491
aarch64;wh-cas;zipfian;0,990000;2;65536;100000;50000;4096;50;25;25;3;1,82325e+07;1,82368e+07;1,82258e+07;1,82522e+07;1,82258e+07;1,82522e+07;0,0752481;54,847;54,8341;54,788;54,8674;54,788;54,8674;0,0752232;0,989551;0,98942;0,988419;0,990291;0,988419;0,990291;0,0952897
aarch64;wh-cas;zipfian;0,990000;2;65536;100000;50000;4096;90;5;5;3;2,59568e+07;2,59326e+07;2,58808e+07;2,59601e+07;2,58808e+07;2,59601e+07;0,172912;38,5255;38,5616;38,5206;38,6386;38,5206;38,6386;0,173084;0,999773;0,999662;0,999355;0,999859;0,999355;0,999859;0,0269701
aarch64;wh-cas;zipfian;0,990000;4;65536;1000;500;4096;50;25;25;3;2,05555e+07;2,04216e+07;2,00948e+07;2,06147e+07;2,00948e+07;2,06147e+07;1,3937;48,6489;48,9741;48,5091;49,7642;48,5091;49,7642;1,40447;0,982352;0,982247;0,97729;0,987099;0,97729;0,987099;0,4994
aarch64;wh-cas;zipfian;0,990000;4;65536;1000;500;4096;90;5;5;3;3,18933e+07;3,18854e+07;3,17184e+07;3,20446e+07;3,17184e+07;3,20446e+07;0,511864;31,3545;31,3628;31,2065;31,5274;31,2065;31,5274;0,512059;0,989143;0,987794;0,983454;0,990786;0,983454;0,990786;0,38951
aarch64;wh-cas;zipfian;0,990000;4;65536;100000;50000;4096;50;25;25;3;3,17394e+07;3,17699e+07;3,16604e+07;3,19099e+07;3,16604e+07;3,19099e+07;0,401338;31,5066;31,4767;31,3383;31,5852;31,3383;31,5852;0,400796;0,97267;0,972789;0,971413;0,974285;0,971413;0,974285;0,147999
aarch64;wh-cas;zipfian;0,990000;4;65536;100000;50000;4096;90;5;5;3;4,4924e+07;4,49456e+07;4,48932e+07;4,50195e+07;4,48932e+07;4,50195e+07;0,146504;22,2598;22,2492;22,2126;22,2751;22,2126;22,2751;0,14641;0,983245;0,983219;0,982454;0,983957;0,982454;0,983957;0,0764678
aarch64;wh-cas;zipfian;0,990000;8;65536;1000;500;4096;50;25;25;3;1,15206e+07;1,20371e+07;1,1267e+07;1,33237e+07;1,1267e+07;1,33237e+07;9,3162;86,801;83,5368;75,0545;88,7549;75,0545;88,7549;8,87103;0,933585;0,944021;0,931752;0,966726;0,931752;0,966726;2,08517
aarch64;wh-cas;zipfian;0,990000;8;65536;1000;500;4096;90;5;5;3;1,58253e+07;1,52825e+07;1,36117e+07;1,64103e+07;1,36117e+07;1,64103e+07;9,65943;63,1898;65,8644;60,9372;73,4663;60,9372;73,4663;10,1406;0,96416;0,95964;0,943805;0,970954;0,943805;0,970954;1,47219
aarch64;wh-cas;zipfian;0,990000;8;65536;100000;50000;4096;50;25;25;3;5,41963e+07;5,41018e+07;5,37866e+07;5,43224e+07;5,37866e+07;5,43224e+07;0,517788;18,4514;18,484;18,4086;18,592;18,4086;18,592;0,518998;0,964233;0,963474;0,960604;0,965584;0,960604;0,965584;0,267301
aarch64;wh-cas;zipfian;0,990000;8;65536;100000;50000;4096;90;5;5;3;7,88872e+07;7,89229e+07;7,8618e+07;7,92633e+07;7,8618e+07;7,92633e+07;0,410666;12,6763;12,6707;12,6162;12,7197;12,6162;12,7197;0,410397;0,979797;0,980478;0,978653;0,982985;0,978653;0,982985;0,228963
aarch64;wh-cas;zipfian;1,200000;1;65536;1000;500;4096;90;5;5;3;1,94787e+07;1,94585e+07;1,94122e+07;1,94847e+07;1,94122e+07;1,94847e+07;0,206813;51,338;51,3915;51,3224;51,514;51,3224;51,514;0,207055;1;1;1;1;1;1;0
aarch64;wh-cas;zipfian;1,200000;1;65536;100000;50000;4096;90;5;5;3;1,82924e+07;1,83439e+07;1,82871e+07;1,84521e+07;1,82871e+07;1,84521e+07;0,511146;54,6674;54,515;54,1943;54,6833;54,1943;54,6833;0,509647;1;1;1;1;1;1;0
aarch64;wh-cas;zipfian;1,200000;2;65536;1000;500;4096;90;5;5;3;2,2736e+07;2,28592e+07;2,25388e+07;2,33028e+07;2,25388e+07;2,33028e+07;1,73508;43,983;43,7547;42,9133;44,3679;42,9133;44,3679;1,72262;0,995649;0,995689;0,994566;0,996852;0,994566;0,996852;0,114848
aarch64;wh-cas;zipfian;1,200000;2;65536;100000;50000;4096;90;5;5;3;2,53732e+07;2,53938e+07;2,5215e+07;2,55933e+07;2,5215e+07;2,55933e+07;0,74805;39,4117;39,3811;39,0728;39,6589;39,0728;39,6589;0,747169;0,9917;0,992662;0,99082;0,995466;0,99082;0,995466;0,248612
aarch64;wh-cas;zipfian;1,200000;4;65536;1000;500;4096;90;5;5;3;2,76978e+07;2,77679e+07;2,69636e+07;2,86424e+07;2,69636e+07;2,86424e+07;3,03081;36,104;36,0348;34,9133;37,087;34,9133;37,087;3,02077;0,993034;0,988657;0,976411;0,996526;0,976411;0,996526;1,08714
aarch64;wh-cas;zipfian;1,200000;4;65536;100000;50000;4096;90;5;5;3;4,13356e+07;4,11612e+07;4,04093e+07;4,17385e+07;4,04093e+07;4,17385e+07;1,6558;24,1922;24,2992;23,9587;24,7468;23,9587;24,7468;1,66584;0,990201;0,990428;0,989879;0,991204;0,989879;0,991204;0,0697731
aarch64;wh-cas;zipfian;1,200000;8;65536;1000;500;4096;90;5;5;3;9,64042e+06;9,60184e+06;9,48587e+06;9,67925e+06;9,48587e+06;9,67925e+06;1,06542;103,73;104,155;103,314;105,42;103,314;105,42;1,07097;0,958105;0,951926;0,932688;0,964984;0,932688;0,964984;1,78708
aarch64;wh-cas;zipfian;1,200000;8;65536;100000;50000;4096;90;5;5;3;2,43892e+07;2,46805e+07;2,39367e+07;2,57157e+07;2,39367e+07;2,57157e+07;3,74626;41,0018;40,5551;38,8868;41,7769;38,8868;41,7769;3,68865;0,956337;0,956055;0,954852;0,956977;0,954852;0,956977;0,114025
aarch64;wh-cas;zipfian;1,500000;1;65536;1000;500;4096;90;5;5;3;1,98116e+07;1,98016e+07;1,97359e+07;1,98572e+07;1,97359e+07;1,98572e+07;0,309363;50,4755;50,5014;50,3596;50,6691;50,3596;50,6691;0,309593;1;1;1;1;1;1;0
aarch64;wh-cas;zipfian;1,500000;1;65536;100000;50000;4096;90;5;5;3;1,92301e+07;1,92157e+07;1,91549e+07;1,92622e+07;1,91549e+07;1,92622e+07;0,286445;52,0018;52,041;51,9152;52,2059;51,9152;52,2059;0,286745;1;1;1;1;1;1;0
aarch64;wh-cas;zipfian;1,500000;2;65536;1000;500;4096;90;5;5;3;2,30972e+07;2,30278e+07;2,26992e+07;2,3287e+07;2,26992e+07;2,3287e+07;1,30269;43,2952;43,4306;42,9424;44,0543;42,9424;44,0543;1,30836;0,996126;0,996282;0,994161;0,998559;0,994161;0,998559;0,221137
aarch64;wh-cas;zipfian;1,500000;2;65536;100000;50000;4096;90;5;5;3;2,45875e+07;2,45819e+07;2,44394e+07;2,47188e+07;2,44394e+07;2,47188e+07;0,568482;40,671;40,6812;40,4551;40,9175;40,4551;40,9175;0,568684;0,98671;0,987863;0,985563;0,991315;0,985563;0,991315;0,308172
aarch64;wh-cas;zipfian;1,500000;4;65536;1000;500;4096;90;5;5;3;2,05686e+07;2,06542e+07;1,99291e+07;2,14648e+07;1,99291e+07;2,14648e+07;3,73483;48,6178;48,4611;46,5879;50,1778;46,5879;50,1778;3,71443;0,973387;0,973733;0,964139;0,983674;0,964139;0,983674;1,00357
aarch64;wh-cas;zipfian;1,500000;4;65536;100000;50000;4096;90;5;5;3;2,70414e+07;2,68997e+07;2,6411e+07;2,72468e+07;2,6411e+07;2,72468e+07;1,61902;36,9804;37,1816;36,7016;37,863;36,7016;37,863;1,63063;0,986514;0,984614;0,980201;0,987126;0,980201;0,987126;0,389362
aarch64;wh-cas;zipfian;1,500000;8;65536;1000;500;4096;90;5;5;3;6,98754e+06;7,03656e+06;6,92625e+06;7,19591e+06;6,92625e+06;7,19591e+06;2,00889;143,112;142,153;138,968;144,378;138,968;144,378;1,99073;0,924036;0,92624;0,919783;0,934901;0,919783;0,934901;0,841711
aarch64;wh-cas;zipfian;1,500000;8;65536;100000;50000;4096;90;5;5;3;9,76506e+06;9,59616e+06;8,89634e+06;1,01271e+07;8,89634e+06;1,01271e+07;6,59138;102,406;104,519;98,7451;112,406;98,7451;112,406;6,76551;0,924074;0,909878;0,859371;0,946188;0,859371;0,946188;4,95846
aarch64;wh-default;uniform;0,990000;1;65536;1000;500;4096;50;25;25;3;1,19553e+07;1,19517e+07;1,19429e+07;1,19567e+07;1,19429e+07;1,19567e+07;0,0634947;83,6448;83,6704;83,6348;83,7315;83,6348;83,7315;0,0635165;1;1;1;1;1;1;0
aarch64;wh-default;uniform;0,990000;1;65536;1000;500;4096;90;5;5;3;1,61502e+07;1,61531e+07;1,6143e+07;1,61661e+07;1,6143e+07;1,61661e+07;0,0733376;61,9188;61,9077;61,8578;61,9465;61,8578;61,9465;0,0733179;1;1;1;1;1;1;0
aarch64;wh-default;uniform;0,990000;1;65536;100000;50000;4096;50;25;25;3;1,26056e+07;1,25993e+07;1,25867e+07;1,26056e+07;1,25867e+07;1,26056e+07;0,0866348;79,3298;79,3694;79,3297;79,4489;79,3297;79,4489;0,086677;1;1;1;1;1;1;0
aarch64;wh-default;uniform;0,990000;1;65536;100000;50000;4096;90;5;5;3;1,50172e+07;1,50333e+07;1,4972e+07;1,51107e+07;1,4972e+07;1,51107e+07;0,470486;66,5901;66,5198;66,1781;66,7911;66,1781;66,7911;0,469774;1;1;1;1;1;1;0
aarch64;wh-default;uniform;0,990000;2;65536;1000;500;4096;50;25;25;3;1,3321e+07;1,33181e+07;1,30846e+07;1,35486e+07;1,30846e+07;1,35486e+07;1,74188;75,0693;75,1012;73,8086;76,4256;73,8086;76,4256;1,74272;0,992818;0,992739;0,991778;0,993621;0,991778;0,993621;0,0930795
aarch64;wh-default;uniform;0,990000;2;65536;1000;500;4096;90;5;5;3;1,71924e+07;1,70862e+07;1,68211e+07;1,72449e+07;1,68211e+07;1,72449e+07;1,3522;58,1651;58,5341;57,9881;59,4491;57,9881;59,4491;1,36224;0,999357;0,999221;0,998311;0,999996;0,998311;0,999996;0,0851316
aarch64;wh-default;uniform;0,990000;2;65536;100000;50000;4096;50;25;25;3;1,49503e+07;1,49599e+07;1,49333e+07;1,49961e+07;1,49333e+07;1,49961e+07;0,21716;66,8882;66,8455;66,6839;66,9644;66,6839;66,9644;0,21697;0,992188;0,992809;0,99156;0,99468;0,99156;0,99468;0,166215
aarch64;wh-default;uniform;0,990000;2;65536;100000;50000;4096;90;5;5;3;1,7928e+07;1,79611e+07;1,79059e+07;1,80494e+07;1,79059e+07;1,80494e+07;0,430341;55,7788;55,6766;55,4035;55,8477;55,4035;55,8477;0,429373;0,984287;0,98524;0,982608;0,988824;0,982608;0,988824;0,326382
aarch64;wh-default;uniform;0,990000;4;65536;1000;500;4096;50;25;25;3;1,99318e+07;2,00504e+07;1,97662e+07;2,04531e+07;1,97662e+07;2,04531e+07;1,78788;50,1712;49,8849;48,8923;50,5914;48,8923;50,5914;1,77399;0,986208;0,985505;0,981302;0,989006;0,981302;0,989006;0,395713
aarch64;wh-default;uniform;0,990000;4;65536;1000;500;4096;90;5;5;3;2,50861e+07;2,51263e+07;2,49593e+07;2,53336e+07;2,49593e+07;2,53336e+07;0,757666;39,8627;39,8004;39,4733;40,0653;39,4733;40,0653;0,755947;0,989245;0,988915;0,986571;0,99093;0,986571;0,99093;0,222276
aarch64;wh-default;uniform;0,990000;4;65536;100000;50000;4096;50;25;25;3;2,62955e+07;2,62279e+07;2,60659e+07;2,63222e+07;2,60659e+07;2,63222e+07;0,537292;38,0293;38,1281;37,9908;38,3644;37,9908;38,3644;0,538898;0,978312;0,97853;0,977862;0,979415;0,977862;0,979415;0,0816586
aarch64;wh-default;uniform;0,990000;4;65536;100000;50000;4096;90;5;5;3;3,16235e+07;3,16163e+07;3,15368e+07;3,16886e+07;3,15368e+07;3,16886e+07;0,240846;31,622;31,6294;31,5571;31,709;31,5571;31,709;0,240929;0,988949;0,989065;0,987576;0,99067;0,987576;0,99067;0,15674
aarch64;wh-default;uniform;0,990000;8;65536;1000;500;4096;50;25;25;3;1,87518e+07;1,85455e+07;1,79799e+07;1,89049e+07;1,79799e+07;1,89049e+07;2,67344;53,3283;53,9475;52,8964;55,6178;52,8964;55,6178;2,71103;0,640332;0,646014;0,626291;0,67142;0,626291;0,67142;3,57498
aarch64;wh-default;uniform;0,990000;8;65536;1000;500;4096;90;5;5;3;3,32646e+07;3,31797e+07;3,28145e+07;3,34601e+07;3,28145e+07;3,34601e+07;0,997779;30,062;30,1409;29,8864;30,4744;29,8864;30,4744;1,0014;0,971816;0,973864;0,970845;0,978931;0,970845;0,978931;0,453341
aarch64;wh-default;uniform;0,990000;8;65536;100000;50000;4096;50;25;25;3;4,7195e+07;4,72037e+07;4,71795e+07;4,72366e+07;4,71795e+07;4,72366e+07;0,0625716;21,1887;21,1848;21,17;21,1957;21,17;21,1957;0,0625543;0,963609;0,964608;0,962428;0,967786;0,962428;0,967786;0,291844
aarch64;wh-default;uniform;0,990000;8;65536;100000;50000;4096;90;5;5;3;5,85326e+07;5,85334e+07;5,82724e+07;5,87951e+07;5,82724e+07;5,87951e+07;0,446467;17,0845;17,0845;17,0082;17,1608;17,0082;17,1608;0,446463;0,972175;0,972708;0,971333;0,974615;0,971333;0,974615;0,175243
aarch64;wh-default;zipfian;0,990000;1;65536;1000;500;4096;50;25;25;3;1,2418e+07;1,24312e+07;1,24e+07;1,24757e+07;1,24e+07;1,24757e+07;0,31825;80,5281;80,4431;80,1558;80,6454;80,1558;80,6454;0,317802;1;1;1;1;1;1;0
aarch64;wh-default;zipfian;0,990000;1;65536;1000;500;4096;90;5;5;3;1,63143e+07;1,63083e+07;1,62915e+07;1,6319e+07;1,62915e+07;1,6319e+07;0,0901271;61,2958;61,3186;61,2783;61,3816;61,2783;61,3816;0,09017;1;1;1;1;1;1;0
aarch64;wh-default;zipfian;0,990000;1;65536;100000;50000;4096;50;25;25;3;1,23392e+07;1,23512e+07;1,22758e+07;1,24385e+07;1,22758e+07;1,24385e+07;0,663741;81,0426;80,9664;80,3957;81,4608;80,3957;81,4608;0,662811;1;1;1;1;1;1;0
aarch64;wh-default;zipfian;0,990000;1;65536;100000;50000;4096;90;5;5;3;1,52446e+07;1,52297e+07;1,51629e+07;1,52815e+07;1,51629e+07;1,52815e+07;0,398654;65,597;65,662;65,4386;65,9506;65,4386;65,9506;0,39921;1;1;1;1;1;1;0
aarch64;wh-default;zipfian;0,990000;2;65536;1000;500;4096;50;25;25;3;1,24617e+07;1,25022e+07;1,23357e+07;1,27093e+07;1,23357e+07;1,27093e+07;1,52023;80,2456;79,998;78,6827;81,0657;78,6827;81,0657;1,51334;0,998783;0,998745;0,997761;0,999691;0,997761;0,999691;0,0966774
aarch64;wh-default;zipfian;0,990000;2;65536;1000;500;4096;90;5;5;3;1,66514e+07;1,65135e+07;1,61644e+07;1,67248e+07;1,61644e+07;1,67248e+07;1,84437;60,0549;60,5703;59,7916;61,8643;59,7916;61,8643;1,86297;0,994027;0,993875;0,993312;0,994287;0,993312;0,994287;0,0507996
aarch64;wh-default;zipfian;0,990000;2;65536;100000;50000;4096;50;25;25;3;1,42181e+07;1,42169e+07;1,42126e+07;1,42199e+07;1,42126e+07;1,42199e+07;0,0267732;70,3327;70,3389;70,324;70,3601;70,324;70,3601;0,0267771;0,993979;0,993967;0,99293;0,994991;0,99293;0,994991;0,103681
aarch64;wh-default;zipfian;0,990000;2;65536;100000;50000;4096;90;5;5;3;1,79104e+07;1,7909e+07;1,7848e+07;1,79685e+07;1,7848e+07;1,79685e+07;0,336506;55,8333;55,8383;55,6529;56,0287;55,6529;56,0287;0,33655;0,98657;0,987003;0,985122;0,989317;0,985122;0,989317;0,215881
aarch64;wh-default;zipfian;0,990000;4;65536;1000;500;4096;50;25;25;3;1,71294e+07;1,69871e+07;1,66473e+07;1,71848e+07;1,66473e+07;1,71848e+07;1,74032;58,3791;58,88;58,1911;60,0699;58,1911;60,0699;1,7573;0,992682;0,991703;0,989158;0,99327;0,989158;0,99327;0,224245
aarch64;wh-default;zipfian;0,990000;4;65536;1000;500;4096;90;5;5;3;2,28875e+07;2,24927e+07;2,16756e+07;2,29149e+07;2,16756e+07;2,29149e+07;3,1464;43,692;44,4889;43,6398;46,1348;43,6398;46,1348;3,20452;0,99017;0,990756;0,989809;0,99229;0,989809;0,99229;0,135291
aarch64;wh-default;zipfian;0,990000;4;65536;100000;50000;4096;50;25;25;3;2,41421e+07;2,42036e+07;2,39738e+07;2,44949e+07;2,39738e+07;2,44949e+07;1,09872;41,4214;41,3195;40,8249;41,7122;40,8249;41,7122;1,09482;0,97947;0,978882;0,976817;0,980359;0,976817;0,980359;0,188251
aarch64;wh-default;zipfian;0,990000;4;65536;100000;50000;4096;90;5;5;3;3,02245e+07;3,02917e+07;3,02142e+07;3,04364e+07;3,02142e+07;3,04364e+07;0,414079;33,0858;33,0127;32,8554;33,097;32,8554;33,097;0,413099;0,989911;0,989308;0,987695;0,990317;0,987695;0,990317;0,142654
aarch64;wh-default;zipfian;0,990000;8;65536;1000;500;4096;50;25;25;3;1,00903e+07;1,077e+07;9,5071e+06;1,27127e+07;9,5071e+06;1,27127e+07;15,8542;99,1054;94,3171;78,6614;105,185;78,6614;105,185;14,732;0,282435;0,28702;0,267837;0,310788;0,267837;0,310788;7,60905
aarch64;wh-default;zipfian;0,990000;8;65536;1000;500;4096;90;5;5;3;1,93567e+07;2,00772e+07;1,9043e+07;2,18318e+07;1,9043e+07;2,18318e+07;7,60886;51,6617;49,993;45,8047;52,5127;45,8047;52,5127;7,30519;0,726908;0,709658;0,674346;0,72772;0,674346;0,72772;4,30965
aarch64;wh-default;zipfian;0,990000;8;65536;100000;50000;4096;50;25;25;3;4,22937e+07;4,23577e+07;4,15102e+07;4,32692e+07;4,15102e+07;4,32692e+07;2,08042;23,6442;23,6153;23,1111;24,0905;23,1111;24,0905;2,07618;0,962136;0,962652;0,959633;0,966186;0,959633;0,966186;0,343509
aarch64;wh-default;zipfian;0,990000;8;65536;100000;50000;4096;90;5;5;3;5,3616e+07;5,36896e+07;5,31903e+07;5,42626e+07;5,31903e+07;5,42626e+07;1,00562;18,6512;18,6268;18,4289;18,8004;18,4289;18,8004;1,00364;0,971405;0,972896;0,970932;0,976351;0,970932;0,976351;0,308507
aarch64;wh-default;zipfian;1,200000;1;65536;1000;500;4096;90;5;5;3;1,65597e+07;1,65669e+07;1,65478e+07;1,65931e+07;1,65478e+07;1,65931e+07;0,141843;60,3876;60,3615;60,2659;60,4309;60,2659;60,4309;0,141761;1;1;1;1;1;1;0
aarch64;wh-default;zipfian;1,200000;1;65536;100000;50000;4096;90;5;5;3;1,56348e+07;1,56468e+07;1,56217e+07;1,5684e+07;1,56217e+07;1,5684e+07;0,210067;63,9599;63,9109;63,7591;64,0136;63,7591;64,0136;0,209857;1;1;1;1;1;1;0
aarch64;wh-default;zipfian;1,200000;2;65536;1000;500;4096;90;5;5;3;1,63148e+07;1,63487e+07;1,59526e+07;1,67786e+07;1,59526e+07;1,67786e+07;2,53249;61,294;61,1932;59,5998;62,6858;59,5998;62,6858;2,52548;0,993493;0,993488;0,992592;0,99438;0,992592;0,99438;0,0899869
aarch64;wh-default;zipfian;1,200000;2;65536;100000;50000;4096;90;5;5;3;1,75797e+07;1,75995e+07;1,7531e+07;1,76877e+07;1,7531e+07;1,76877e+07;0,455848;56,8838;56,8207;56,5364;57,0419;56,5364;57,0419;0,455132;0,986872;0,986671;0,98481;0,988331;0,98481;0,988331;0,179298
aarch64;wh-default;zipfian;1,200000;4;65536;1000;500;4096;90;5;5;3;2,02362e+07;2,0322e+07;1,98148e+07;2,09149e+07;1,98148e+07;2,09149e+07;2,73118;49,4164;49,2322;47,8129;50,4673;47,8129;50,4673;2,71527;0,98866;0,98825;0,98593;0,99016;0,98593;0,99016;0,21701
aarch64;wh-default;zipfian;1,200000;4;65536;100000;50000;4096;90;5;5;3;2,83761e+07;2,83716e+07;2,79225e+07;2,88162e+07;2,79225e+07;2,88162e+07;1,57508;35,2409;35,2523;34,7027;35,8134;34,7027;35,8134;1,57565;0,983994;0,985457;0,983801;0,988575;0,983801;0,988575;0,274216
aarch64;wh-default;zipfian;1,200000;8;65536;1000;500;4096;90;5;5;3;1,24792e+07;1,29269e+07;1,13109e+07;1,49907e+07;1,13109e+07;1,49907e+07;14,5457;80,1335;78,4173;66,7081;88,4104;66,7081;88,4104;13,9669;0,483151;0,465576;0,385133;0,528443;0,385133;0,528443;15,734
aarch64;wh-default;zipfian;1,200000;8;65536;100000;50000;4096;90;5;5;3;3,48455e+07;3,55034e+07;3,40328e+07;3,76321e+07;3,40328e+07;3,76321e+07;5,31701;28,6981;28,2182;26,5731;29,3834;26,5731;29,3834;5,19299;0,903275;0,892921;0,847369;0,92812;0,847369;0,92812;4,63189
aarch64;wh-default;zipfian;1,500000;1;65536;1000;500;4096;90;5;5;3;1,68436e+07;1,68466e+07;1,68305e+07;1,68656e+07;1,68305e+07;1,68656e+07;0,105233;59,3699;59,3593;59,2923;59,4159;59,2923;59,4159;0,105207;1;1;1;1;1;1;0
aarch64;wh-default;zipfian;1,500000;1;65536;100000;50000;4096;90;5;5;3;1,63717e+07;1,63714e+07;1,63463e+07;1,63961e+07;1,63463e+07;1,63961e+07;0,15198;61,0812;61,0824;60,9901;61,1758;60,9901;61,1758;0,151986;1;1;1;1;1;1;0
aarch64;wh-default;zipfian;1,500000;2;65536;1000;500;4096;90;5;5;3;1,61864e+07;1,60199e+07;1,5633e+07;1,62405e+07;1,5633e+07;1,62405e+07;2,09874;61,7804;62,4408;61,5746;63,9674;61,5746;63,9674;2,12375;0,991959;0,991916;0,991079;0,99271;0,991079;0,99271;0,0823003
aarch64;wh-default;zipfian;1,500000;2;65536;100000;50000;4096;90;5;5;3;1,73748e+07;1,71752e+07;1,67632e+07;1,73875e+07;1,67632e+07;1,73875e+07;2,0778;57,5546;58,2406;57,5125;59,6547;57,5125;59,6547;2,10299;0,986251;0,985564;0,984101;0,986339;0,984101;0,986339;0,128604
aarch64;wh-default;zipfian;1,500000;4;65536;1000;500;4096;90;5;5;3;1,73134e+07;1,73156e+07;1,72059e+07;1,74275e+07;1,72059e+07;1,74275e+07;0,639918;57,7586;57,7529;57,3805;58,1194;57,3805;58,1194;0,63981;0,979529;0,980237;0,975064;0,986117;0,975064;0,986117;0,567248
aarch64;wh-default;zipfian;1,500000;4;65536;100000;50000;4096;90;5;5;3;2,13497e+07;2,23263e+07;2,12184e+07;2,4411e+07;2,12184e+07;2,4411e+07;8,09155;46,8391;44,9778;40,9652;47,129;40,9652;47,129;7,73277;0,985814;0,984581;0,980831;0,987099;0,980831;0,987099;0,336267
aarch64;wh-default;zipfian;1,500000;8;65536;1000;500;4096;90;5;5;3;8,33927e+06;8,48933e+06;8,07967e+06;9,04904e+06;8,07967e+06;9,04904e+06;5,91102;119,915;118,064;110,509;123,767;110,509;123,767;5,7768;0,259388;0,243581;0,199667;0,271687;0,199667;0,271687;15,8158
aarch64;wh-default;zipfian;1,500000;8;65536;100000;50000;4096;90;5;5;3;1,14953e+07;1,15079e+07;1,12173e+07;1,1811e+07;1,12173e+07;1,1811e+07;2,58152;86,9917;86,9355;84,6666;89,1482;84,6666;89,1482;2,57816;0,297433;0,294924;0,244485;0,342853;0,244485;0,342853;16,6931
aarch64;wh-occ;uniform;0,990000;1;65536;1000;500;4096;50;25;25;3;1,3416e+07;1,33826e+07;1,32915e+07;1,34403e+07;1,32915e+07;1,34403e+07;0,596749;74,5376;74,7256;74,4029;75,2362;74,4029;75,2362;0,5986;1;1;1;1;1;1;0
aarch64;wh-occ;uniform;0,990000;1;65536;1000;500;4096;90;5;5;3;1,86033e+07;1,85738e+07;1,85061e+07;1,8612e+07;1,85061e+07;1,8612e+07;0,316394;53,7538;53,8396;53,7289;54,0361;53,7289;54,0361;0,316959;1;1;1;1;1;1;0
aarch64;wh-occ;uniform;0,990000;1;65536;100000;50000;4096;50;25;25;3;1,37628e+07;1,37992e+07;1,37088e+07;1,39259e+07;1,37088e+07;1,39259e+07;0,819234;72,6597;72,4715;71,8086;72,946;71,8086;72,946;0,816354;1;1;1;1;1;1;0
aarch64;wh-occ;uniform;0,990000;1;65536;100000;50000;4096;90;5;5;3;1,67756e+07;1,6793e+07;1,66498e+07;1,69536e+07;1,66498e+07;1,69536e+07;0,908884;59,6105;59,552;58,9847;60,0608;58,9847;60,0608;0,907528;1;1;1;1;1;1;0
aarch64;wh-occ;uniform;0,990000;2;65536;1000;500;4096;50;25;25;3;1,32938e+07;1,3433e+07;1,3106e+07;1,38991e+07;1,3106e+07;1,38991e+07;3,08553;75,2232;74,4904;71,947;76,3009;71,947;76,3009;3,04415;0,995222;0,994206;0,991638;0,995757;0,991638;0,995757;0,225275
aarch64;wh-occ;uniform;0,990000;2;65536;1000;500;4096;90;5;5;3;1,77055e+07;1,7785e+07;1,71375e+07;1,85119e+07;1,71375e+07;1,85119e+07;3,88311;56,4795;56,2835;54,0194;58,3515;54,0194;58,3515;3,86028;0,995089;0,99233;0,984484;0,997418;0,984484;0,997418;0,694747
aarch64;wh-occ;uniform;0,990000;2;65536;100000;50000;4096;50;25;25;3;1,57569e+07;1,57398e+07;1,57052e+07;1,57573e+07;1,57052e+07;1,57573e+07;0,19046;63,4642;63,5334;63,4626;63,6732;63,4626;63,6732;0,19067;0,991482;0,990544;0,987758;0,992393;0,987758;0,992393;0,247909
aarch64;wh-occ;uniform;0,990000;2;65536;100000;50000;4096;90;5;5;3;1,91368e+07;1,91585e+07;1,9056e+07;1,92828e+07;1,9056e+07;1,92828e+07;0,600127;52,2555;52,1974;51,8596;52,477;51,8596;52,477;0,599152;0,983589;0,982156;0,977449;0,98543;0,977449;0,98543;0,425495
aarch64;wh-occ;uniform;0,990000;4;65536;1000;500;4096;50;25;25;3;2,10052e+07;2,07876e+07;2,03087e+07;2,10489e+07;2,03087e+07;2,10489e+07;1,99787;47,6072;48,1185;47,5083;49,2399;47,5083;49,2399;2,0209;0,990372;0,985224;0,973705;0,991595;0,973705;0,991595;1,01444
aarch64;wh-occ;uniform;0,990000;4;65536;1000;500;4096;90;5;5;3;2,65552e+07;2,67527e+07;2,65173e+07;2,71857e+07;2,65173e+07;2,71857e+07;1,40329;37,6575;37,3842;36,7841;37,7112;36,7841;37,7112;1,39214;0,982983;0,983255;0,98043;0,986351;0,98043;0,986351;0,302041
aarch64;wh-occ;uniform;0,990000;4;65536;100000;50000;4096;50;25;25;3;2,72653e+07;2,72171e+07;2,69616e+07;2,74245e+07;2,69616e+07;2,74245e+07;0,864082;36,6767;36,7434;36,4638;37,0898;36,4638;37,0898;0,866309;0,976914;0,976654;0,975097;0,97795;0,975097;0,97795;0,147873
aarch64;wh-occ;uniform;0,990000;4;65536;100000;50000;4096;90;5;5;3;3,3065e+07;3,31249e+07;3,29989e+07;3,33107e+07;3,29989e+07;3,33107e+07;0,495997;30,2434;30,1893;30,0204;30,3041;30,0204;30,3041;0,494834;0,990767;0,990325;0,989062;0,991146;0,989062;0,991146;0,112093
aarch64;wh-occ;uniform;0,990000;8;65536;1000;500;4096;50;25;25;3;1,96841e+07;2,01336e+07;1,85925e+07;2,21243e+07;1,85925e+07;2,21243e+07;8,98166;50,8025;49,929;45,1991;53,7852;45,1991;53,7852;8,73079;0,9304;0,91645;0,848812;0,970139;0,848812;0,970139;6,74938
aarch64;wh-occ;uniform;0,990000;8;65536;1000;500;4096;90;5;5;3;1,90021e+07;1,9535e+07;1,83658e+07;2,12372e+07;1,83658e+07;2,12372e+07;7,7197;52,6258;51,3873;47,0872;54,4489;47,0872;54,4489;7,46088;0,830949;0,832049;0,823017;0,842182;0,823017;0,842182;1,15735
aarch64;wh-occ;uniform;0,990000;8;65536;100000;50000;4096;50;25;25;3;4,87568e+07;4,88985e+07;4,87478e+07;4,91908e+07;4,87478e+07;4,91908e+07;0,517812;20,51;20,4509;20,329;20,5137;20,329;20,5137;0,516271;0,963149;0,96342;0,962576;0,964534;0,962576;0,964534;0,104489
aarch64;wh-occ;uniform;0,990000;8;65536;100000;50000;4096;90;5;5;3;6,12081e+07;6,14195e+07;6,09632e+07;6,20872e+07;6,09632e+07;6,20872e+07;0,962359;16,3377;16,2825;16,1064;16,4033;16,1064;16,4033;0,958061;0,976083;0,975849;0,974171;0,977293;0,974171;0,977293;0,161306
aarch64;wh-occ;zipfian;0,990000;1;65536;1000;500;4096;50;25;25;3;1,39422e+07;1,39385e+07;1,39273e+07;1,3946e+07;1,39273e+07;1,3946e+07;0,0708234;71,7246;71,7436;71,7051;71,8012;71,7051;71,8012;0,0708478;1;1;1;1;1;1;0
aarch64;wh-occ;zipfian;0,990000;1;65536;1000;500;4096;90;5;5;3;1,86293e+07;1,86356e+07;1,85513e+07;1,87263e+07;1,85513e+07;1,87263e+07;0,470396;53,6788;53,6614;53,4008;53,9045;53,4008;53,9045;0,470163;1;1;1;1;1;1;0
aarch64;wh-occ;zipfian;0,990000;1;65536;100000;50000;4096;50;25;25;3;1,35378e+07;1,35582e+07;1,35165e+07;1,36203e+07;1,35165e+07;1,36203e+07;0,404325;73,8674;73,757;73,4199;73,9836;73,4199;73,9836;0,403544;1;1;1;1;1;1;0
aarch64;wh-occ;zipfian;0,990000;1;65536;100000;50000;4096;90;5;5;3;1,71415e+07;1,71498e+07;1,71304e+07;1,71774e+07;1,71304e+07;1,71774e+07;0,143209;58,3379;58,3098;58,216;58,3757;58,216;58,3757;0,143119;1;1;1;1;1;1;0
aarch64;wh-occ;zipfian;0,990000;2;65536;1000;500;4096;50;25;25;3;1,25032e+07;1,24406e+07;1,22191e+07;1,25994e+07;1,22191e+07;1,25994e+07;1,58943;79,9797;80,3957;79,3686;81,8389;79,3686;81,8389;1,60039;0,998128;0,998348;0,997495;0,99942;0,997495;0,99942;0,0982744
aarch64;wh-occ;zipfian;0,990000;2;65536;1000;500;4096;90;5;5;3;1,73142e+07;1,72039e+07;1,66455e+07;1,7652e+07;1,66455e+07;1,7652e+07;2,97749;57,7561;58,161;56,6507;60,0762;56,6507;60,0762;3,00599;0,99614;0,996315;0,995562;0,997243;0,995562;0,997243;0,0857213
aarch64;wh-occ;zipfian;0,990000;2;65536;100000;50000;4096;50;25;25;3;1,49525e+07;1,49059e+07;1,47458e+07;1,50195e+07;1,47458e+07;1,50195e+07;0,957267;66,8784;67,0914;66,58;67,816;66,58;67,816;0,961309;0,988841;0,988434;0,985976;0,990485;0,985976;0,990485;0,230859
aarch64;wh-occ;zipfian;0,990000;2;65536;100000;50000;4096;90;5;5;3;1,8998e+07;1,90102e+07;1,8961e+07;1,90716e+07;1,8961e+07;1,90716e+07;0,296062;52,637;52,6036;52,434;52,7397;52,434;52,7397;0,295794;0,987699;0,987959;0,986962;0,989216;0,986962;0,989216;0,116328
aarch64;wh-occ;zipfian;0,990000;4;65536;1000;500;4096;50;25;25;3;1,8072e+07;1,81809e+07;1,7577e+07;1,88938e+07;1,7577e+07;1,88938e+07;3,65835;55,3342;55,0513;52,9274;56,8925;52,9274;56,8925;3,62865;0,96621;0,965382;0,953493;0,976442;0,953493;0,976442;1,19092
aarch64;wh-occ;zipfian;0,990000;4;65536;1000;500;4096;90;5;5;3;2,21319e+07;2,21087e+07;2,18634e+07;2,23307e+07;2,18634e+07;2,23307e+07;1,06078;45,1836;45,2345;44,7815;45,7386;44,7815;45,7386;1,0625;0,971707;0,972718;0,967898;0,978549;0,967898;0,978549;0,554836
aarch64;wh-occ;zipfian;0,990000;4;65536;100000;50000;4096;50;25;25;3;2,49075e+07;2,50283e+07;2,48383e+07;2,53392e+07;2,48383e+07;2,53392e+07;1,08452;40,1485;39,9578;39,4645;40,2604;39,4645;40,2604;1,07827;0,97575;0,975777;0,973738;0,977843;0,973738;0,977843;0,210359
aarch64;wh-occ;zipfian;0,990000;4;65536;100000;50000;4096;90;5;5;3;3,17019e+07;3,17381e+07;3,16929e+07;3,18197e+07;3,16929e+07;3,18197e+07;0,222891;31,5438;31,5079;31,4271;31,5529;31,4271;31,5529;0,222611;0,988577;0,988684;0,987894;0,989582;0,987894;0,989582;0,0858821
aarch64;wh-occ;zipfian;0,990000;8;65536;1000;500;4096;50;25;25;3;8,66821e+06;8,73026e+06;8,62232e+06;8,90023e+06;8,62232e+06;8,90023e+06;1,70648;115,364;114,566;112,357;115,978;112,357;115,978;1,69162;0,686718;0,698405;0,667342;0,741155;0,667342;0,741155;5,47951
aarch64;wh-occ;zipfian;0,990000;8;65536;1000;500;4096;90;5;5;3;1,00028e+07;1,0256e+07;9,50524e+06;1,12599e+07;9,50524e+06;1,12599e+07;8,81765;99,9721;97,9959;88,8104;105,205;88,8104;105,205;8,54537;0,71139;0,717847;0,710928;0,731224;0,710928;0,731224;1,61411
aarch64;wh-occ;zipfian;0,990000;8;65536;100000;50000;4096;50;25;25;3;4,32701e+07;4,33182e+07;4,29152e+07;4,37694e+07;4,29152e+07;4,37694e+07;0,990673;23,1107;23,0865;22,847;23,3018;22,847;23,3018;0,989088;0,969652;0,965987;0,956949;0,971361;0,956949;0,971361;0,815117
aarch64;wh-occ;zipfian;0,990000;8;65536;100000;50000;4096;90;5;5;3;5,59313e+07;5,56467e+07;5,49331e+07;5,60756e+07;5,49331e+07;5,60756e+07;1,11804;17,8791;17,972;17,8331;18,2039;17,8331;18,2039;1,12487;0,976886;0,978408;0,972421;0,985916;0,972421;0,985916;0,70267
aarch64;wh-occ;zipfian;1,200000;1;65536;1000;500;4096;90;5;5;3;1,88151e+07;1,88212e+07;1,88119e+07;1,88367e+07;1,88119e+07;1,88367e+07;0,0716781;53,1488;53,1315;53,0878;53,1578;53,0878;53,1578;0,0716493;1;1;1;1;1;1;0
aarch64;wh-occ;zipfian;1,200000;1;65536;100000;50000;4096;90;5;5;3;1,76181e+07;1,75863e+07;1,75159e+07;1,76248e+07;1,75159e+07;1,76248e+07;0,346822;56,7598;56,863;56,7384;57,0908;56,7384;57,0908;0,347508;1;1;1;1;1;1;0
aarch64;wh-occ;zipfian;1,200000;2;65536;1000;500;4096;90;5;5;3;1,75094e+07;1,74974e+07;1,72479e+07;1,77349e+07;1,72479e+07;1,77349e+07;1,3927;57,1121;57,1587;56,3861;57,9779;56,3861;57,9779;1,39427;0,992201;0,991088;0,987958;0,993106;0,987958;0,993106;0,277317
aarch64;wh-occ;zipfian;1,200000;2;65536;100000;50000;4096;90;5;5;3;1,86837e+07;1,86077e+07;1,83551e+07;1,87844e+07;1,83551e+07;1,87844e+07;1,20671;53,5225;53,7463;53,2356;54,4809;53,2356;54,4809;1,21333;0,984475;0,985806;0,982697;0,990245;0,982697;0,990245;0,400284
aarch64;wh-occ;zipfian;1,200000;4;65536;1000;500;4096;90;5;5;3;1,78639e+07;1,81685e+07;1,76265e+07;1,90151e+07;1,76265e+07;1,90151e+07;4,0879;55,9788;55,1005;52,5898;56,7327;52,5898;56,7327;4,00487;0,966833;0,960575;0,942072;0,972821;0,942072;0,972821;1,69707
aarch64;wh-occ;zipfian;1,200000;4;65536;100000;50000;4096;90;5;5;3;2,84803e+07;2,88284e+07;2,82097e+07;2,97951e+07;2,82097e+07;2,97951e+07;2,94176;35,112;34,7078;33,5626;35,4488;33,5626;35,4488;2,89838;0,984864;0,984702;0,980044;0,989197;0,980044;0,989197;0,464979
aarch64;wh-occ;zipfian;1,200000;8;65536;1000;500;4096;90;5;5;3;6,87894e+06;6,86004e+06;6,7958e+06;6,90538e+06;6,7958e+06;6,90538e+06;0,833532;145,371;145,779;144,815;147,15;144,815;147,15;0,836622;0,693719;0,691494;0,656251;0,724512;0,656251;0,724512;4,94362
aarch64;wh-occ;zipfian;1,200000;8;65536;100000;50000;4096;90;5;5;3;1,51401e+07;1,53282e+07;1,50571e+07;1,57875e+07;1,50571e+07;1,57875e+07;2,60913;66,0498;65,2683;63,3411;66,414;63,3411;66,414;2,57233;0,737659;0,726147;0,698603;0,74218;0,698603;0,74218;3,29974
aarch64;wh-occ;zipfian;1,500000;1;65536;1000;500;4096;90;5;5;3;1,90833e+07;1,907e+07;1,90163e+07;1,91104e+07;1,90163e+07;1,91104e+07;0,253861;52,4017;52,4386;52,3276;52,5864;52,3276;52,5864;0,254107;1;1;1;1;1;1;0
aarch64;wh-occ;zipfian;1,500000;1;65536;100000;50000;4096;90;5;5;3;1,82674e+07;1,8278e+07;1,82397e+07;1,83268e+07;1,82397e+07;1,83268e+07;0,243624;54,7422;54,7109;54,5648;54,8256;54,5648;54,8256;0,243427;1;1;1;1;1;1;0
aarch64;wh-occ;zipfian;1,500000;2;65536;1000;500;4096;90;5;5;3;1,68679e+07;1,68336e+07;1,67282e+07;1,69048e+07;1,67282e+07;1,69048e+07;0,553376;59,2842;59,406;59,1547;59,7792;59,1547;59,7792;0,554843;0,992735;0,992696;0,992296;0,993058;0,992296;0,993058;0,0385283
aarch64;wh-occ;zipfian;1,500000;2;65536;100000;50000;4096;90;5;5;3;1,80516e+07;1,79857e+07;1,78414e+07;1,80642e+07;1,78414e+07;1,80642e+07;0,696134;55,3966;55,6014;55,358;56,0496;55,358;56,0496;0,69891;0,987794;0,987771;0,986121;0,989398;0,986121;0,989398;0,165891
aarch64;wh-occ;zipfian;1,500000;4;65536;1000;500;4096;90;5;5;3;1,38491e+07;1,38604e+07;1,37448e+07;1,39872e+07;1,37448e+07;1,39872e+07;0,877255;72,2067;72,1517;71,4938;72,7547;71,4938;72,7547;0,876227;0,855951;0,863812;0,835683;0,899802;0,835683;0,899802;3,79415
aarch64;wh-occ;zipfian;1,500000;4;65536;100000;50000;4096;90;5;5;3;1,85517e+07;1,84394e+07;1,81534e+07;1,86133e+07;1,81534e+07;1,86133e+07;1,35392;53,9035;54,2383;53,7252;55,0862;53,7252;55,0862;1,36387;0,919059;0,915686;0,907787;0,920212;0,907787;0,920212;0,749709
aarch64;wh-occ;zipfian;1,500000;8;65536;1000;500;4096;90;5;5;3;6,31655e+06;6,16154e+06;5,77277e+06;6,3953e+06;5,77277e+06;6,3953e+06;5,50152;158,314;162,635;156,365;173,227;156,365;173,227;5,67175;0,65449;0,656608;0,649628;0,665705;0,649628;0,665705;1,2557
aarch64;wh-occ;zipfian;1,500000;8;65536;100000;50000;4096;90;5;5;3;7,45691e+06;7,41279e+06;7,14803e+06;7,63345e+06;7,14803e+06;7,63345e+06;3,31452;134,104;135,002;131,002;139,899;131,002;139,899;3,34486;0,649485;0,659295;0,605599;0,722802;0,605599;0,722802;8,98143
aarch64;wh-occ-opt;uniform;0,990000;1;65536;1000;500;4096;50;25;25;3;1,35314e+07;1,35306e+07;1,35188e+07;1,35417e+07;1,35188e+07;1,35417e+07;0,0848784;73,9023;73,9065;73,8459;73,9712;73,8459;73,9712;0,0848839;1;1;1;1;1;1;0
aarch64;wh-occ-opt;uniform;0,990000;1;65536;1000;500;4096;90;5;5;3;2,08741e+07;2,08786e+07;2,0803e+07;2,09587e+07;2,0803e+07;2,09587e+07;0,373506;47,9062;47,8964;47,7128;48,0701;47,7128;48,0701;0,373389;1;1;1;1;1;1;0
aarch64;wh-occ-opt;uniform;0,990000;1;65536;100000;50000;4096;50;25;25;3;1,37252e+07;1,37085e+07;1,3674e+07;1,37263e+07;1,3674e+07;1,37263e+07;0,217988;72,8588;72,9477;72,8527;73,1315;72,8527;73,1315;0,218266;1;1;1;1;1;1;0
aarch64;wh-occ-opt;uniform;0,990000;1;65536;100000;50000;4096;90;5;5;3;1,88481e+07;1,87661e+07;1,85939e+07;1,88564e+07;1,85939e+07;1,88564e+07;0,795214;53,0559;53,2898;53,0324;53,7812;53,0324;53,7812;0,798868;1;1;1;1;1;1;0
aarch64;wh-occ-opt;uniform;0,990000;2;65536;1000;500;4096;50;25;25;3;1,46645e+07;1,46704e+07;1,46147e+07;1,47319e+07;1,46147e+07;1,47319e+07;0,400875;68,192;68,1653;67,8799;68,4241;67,8799;68,4241;0,400637;0,992008;0,992038;0,991498;0,992609;0,991498;0,992609;0,0560584
aarch64;wh-occ-opt;uniform;0,990000;2;65536;1000;500;4096;90;5;5;3;3,08233e+07;3,09363e+07;3,07942e+07;3,11913e+07;3,07942e+07;3,11913e+07;0,715477;32,443;32,3256;32,0602;32,4736;32,0602;32,4736;0,712591;0,986314;0,983234;0,975911;0,987478;0,975911;0,987478;0,647744
aarch64;wh-occ-opt;uniform;0,990000;2;65536;100000;50000;4096;50;25;25;3;1,74588e+07;1,74625e+07;1,74048e+07;1,75238e+07;1,74048e+07;1,75238e+07;0,341243;57,2776;57,266;57,0651;57,4553;57,0651;57,4553;0,341139;0,990299;0,991292;0,990241;0,993336;0,990241;0,993336;0,178595
aarch64;wh-occ-opt;uniform;0,990000;2;65536;100000;50000;4096;90;5;5;3;3,18312e+07;3,2057e+07;3,17293e+07;3,26106e+07;3,17293e+07;3,26106e+07;1,50382;31,4158;31,1991;30,6649;31,5166;30,6649;31,5166;1,49154;0,994273;0,995184;0,992044;0,999235;0,992044;0,999235;0,369885
aarch64;wh-occ-opt;uniform;0,990000;4;65536;1000;500;4096;50;25;25;3;2,18637e+07;2,17839e+07;2,1292e+07;2,2196e+07;2,1292e+07;2,2196e+07;2,09917;45,738;45,919;45,0531;46,9661;45,0531;46,9661;2,11079;0,975511;0,975493;0,975182;0,975786;0,975182;0,975786;0,0309999
aarch64;wh-occ-opt;uniform;0,990000;4;65536;1000;500;4096;90;5;5;3;5,25541e+07;5,24289e+07;5,16187e+07;5,31138e+07;5,16187e+07;5,31138e+07;1,4408;19,028;19,0761;18,8275;19,3728;18,8275;19,3728;1,44596;0,976082;0,976988;0,975905;0,978978;0,975905;0,978978;0,176601
aarch64;wh-occ-opt;uniform;0,990000;4;65536;100000;50000;4096;50;25;25;3;3,11105e+07;3,11251e+07;3,10954e+07;3,11695e+07;3,10954e+07;3,11695e+07;0,125767;32,1435;32,1284;32,0827;32,1591;32,0827;32,1591;0,12569;0,972371;0,972003;0,970596;0,973043;0,970596;0,973043;0,130067
aarch64;wh-occ-opt;uniform;0,990000;4;65536;100000;50000;4096;90;5;5;3;5,95497e+07;5,96695e+07;5,95139e+07;5,9945e+07;5,95139e+07;5,9945e+07;0,400956;16,7927;16,7592;16,682;16,8028;16,682;16,8028;0,400053;0,972608;0,974548;0,97038;0,980656;0,97038;0,980656;0,554689
aarch64;wh-occ-opt;uniform;0,990000;8;65536;1000;500;4096;50;25;25;3;2,67178e+07;2,73965e+07;2,66743e+07;2,87976e+07;2,66743e+07;2,87976e+07;4,4295;37,4283;36,5476;34,7252;37,4893;34,7252;37,4893;4,31921;0,965805;0,925355;0,843512;0,966749;0,843512;0,966749;7,65976
aarch64;wh-occ-opt;uniform;0,990000;8;65536;1000;500;4096;90;5;5;3;7,74682e+07;7,80041e+07;7,73934e+07;7,91505e+07;7,73934e+07;7,91505e+07;1,27377;12,9085;12,8212;12,6342;12,921;12,6342;12,921;1,26453;0,968241;0,968459;0,968072;0,969065;0,968072;0,969065;0,0548588
aarch64;wh-occ-opt;uniform;0,990000;8;65536;100000;50000;4096;50;25;25;3;5,55318e+07;5,45436e+07;5,2446e+07;5,56531e+07;5,2446e+07;5,56531e+07;3,33239;18,0077;18,3478;17,9684;19,0672;17,9684;19,0672;3,39745;0,958135;0,876325;0,704348;0,966492;0,704348;0,966492;17,0023
aarch64;wh-occ-opt;uniform;0,990000;8;65536;100000;50000;4096;90;5;5;3;1,11183e+08;1,11188e+08;1,10683e+08;1,11699e+08;1,10683e+08;1,11699e+08;0,457124;8,99417;8,99388;8,95263;9,03485;8,95263;9,03485;0,457097;0,968237;0,969459;0,967321;0,972819;0,967321;0,972819;0,303847
aarch64;wh-occ-opt;zipfian;0,990000;1;65536;1000;500;4096;50;25;25;3;1,41105e+07;1,40941e+07;1,40526e+07;1,41192e+07;1,40526e+07;1,41192e+07;0,257054;70,8693;70,952;70,8253;71,1614;70,8253;71,1614;0,257411;1;1;1;1;1;1;0
aarch64;wh-occ-opt;zipfian;0,990000;1;65536;1000;500;4096;90;5;5;3;2,07436e+07;2,07878e+07;2,07327e+07;2,0887e+07;2,07327e+07;2,0887e+07;0,414187;48,2077;48,1058;47,8767;48,2329;47,8767;48,2329;0,413215;1;1;1;1;1;1;0
aarch64;wh-occ-opt;zipfian;0,990000;1;65536;100000;50000;4096;50;25;25;3;1,34778e+07;1,35224e+07;1,34611e+07;1,36284e+07;1,34611e+07;1,36284e+07;0,681373;74,1961;73,9536;73,3764;74,2883;73,3764;74,2883;0,678802;1;1;1;1;1;1;0
aarch64;wh-occ-opt;zipfian;0,990000;1;65536;100000;50000;4096;90;5;5;3;1,91029e+07;1,91028e+07;1,89804e+07;1,92251e+07;1,89804e+07;1,92251e+07;0,640299;52,348;52,3497;52,0154;52,6858;52,0154;52,6858;0,640316;1;1;1;1;1;1;0
aarch64;wh-occ-opt;zipfian;0,990000;2;65536;1000;500;4096;50;25;25;3;1,37475e+07;1,36982e+07;1,35575e+07;1,37896e+07;1,35575e+07;1,37896e+07;0,902607;72,7407;73,0062;72,5182;73,7597;72,5182;73,7597;0,90673;0,999064;0,998939;0,998581;0,999171;0,998581;0,999171;0,0314669
aarch64;wh-occ-opt;zipfian;0,990000;2;65536;1000;500;4096;90;5;5;3;2,88728e+07;2,87622e+07;2,82779e+07;2,9136e+07;2,82779e+07;2,9136e+07;1,5283;34,6347;34,7733;34,3218;35,3633;34,3218;35,3633;1,5367;0,992512;0,992255;0,990529;0,993725;0,990529;0,993725;0,162598
aarch64;wh-occ-opt;zipfian;0,990000;2;65536;100000;50000;4096;50;25;25;3;1,6149e+07;1,61306e+07;1,60877e+07;1,61551e+07;1,60877e+07;1,61551e+07;0,231039;61,9235;61,9943;61,9001;62,1594;61,9001;62,1594;0,231339;0,991589;0,991128;0,989383;0,992412;0,989383;0,992412;0,158026
aarch64;wh-occ-opt;zipfian;0,990000;2;65536;100000;50000;4096;90;5;5;3;3,10512e+07;3,10353e+07;3,09937e+07;3,1061e+07;3,09937e+07;3,1061e+07;0,117126;32,2049;32,2214;32,1947;32,2646;32,1947;32,2646;0,117198;0,994756;0,993871;0,990632;0,996225;0,990632;0,996225;0,291751
aarch64;wh-occ-opt;zipfian;0,990000;4;65536;1000;500;4096;50;25;25;3;1,93656e+07;1,94438e+07;1,9302e+07;1,96638e+07;1,9302e+07;1,96638e+07;0,993339;51,6379;51,4336;50,8549;51,808;50,8549;51,808;0,988366;0,972348;0,970759;0,963396;0,976534;0,963396;0,976534;0,691369
aarch64;wh-occ-opt;zipfian;0,990000;4;65536;1000;500;4096;90;5;5;3;4,71704e+07;4,67343e+07;4,58021e+07;4,72303e+07;4,58021e+07;4,72303e+07;1,72855;21,1997;21,4019;21,1728;21,833;21,1728;21,833;1,74587;0,978539;0,979338;0,977149;0,982326;0,977149;0,982326;0,273592
aarch64;wh-occ-opt;zipfian;0,990000;4;65536;100000;50000;4096;50;25;25;3;2,78444e+07;2,78029e+07;2,76511e+07;2,79131e+07;2,76511e+07;2,79131e+07;0,488631;35,9138;35,968;35,8254;36,1649;35,8254;36,1649;0,489629;0,967707;0,967921;0,967343;0,968713;0,967343;0,968713;0,0733147
aarch64;wh-occ-opt;zipfian;0,990000;4;65536;100000;50000;4096;90;5;5;3;5,56632e+07;5,56126e+07;5,52825e+07;5,58921e+07;5,52825e+07;5,58921e+07;0,553726;17,9652;17,9819;17,8916;18,0889;17,8916;18,0889;0,554468;0,974482;0,974177;0,972784;0,975266;0,972784;0,975266;0,130237
aarch64;wh-occ-opt;zipfian;0,990000;8;65536;1000;500;4096;50;25;25;3;1,68051e+07;1,67193e+07;1,6343e+07;1,70098e+07;1,6343e+07;1,70098e+07;2,04303;59,5058;59,8279;58,7897;61,1883;58,7897;61,1883;2,05815;0,950281;0,931134;0,887;0,95612;0,887;0,95612;4,11673
aarch64;wh-occ-opt;zipfian;0,990000;8;65536;1000;500;4096;90;5;5;3;7,01835e+07;6,96855e+07;6,74138e+07;7,14591e+07;6,74138e+07;7,14591e+07;2,96783;14,2484;14,3587;13,994;14,8338;13,994;14,8338;2,99896;0,96236;0,960872;0,957219;0,963036;0,957219;0,963036;0,331086
aarch64;wh-occ-opt;zipfian;0,990000;8;65536;100000;50000;4096;50;25;25;3;4,79613e+07;4,79915e+07;4,75325e+07;4,84807e+07;4,75325e+07;4,84807e+07;0,989422;20,8501;20,8384;20,6267;21,0382;20,6267;21,0382;0,988539;0,967388;0,965534;0,961621;0,967593;0,961621;0,967593;0,351133
aarch64;wh-occ-opt;zipfian;0,990000;8;65536;100000;50000;4096;90;5;5;3;1,00325e+08;1,00354e+08;1,00247e+08;1,00489e+08;1,00247e+08;1,00489e+08;0,122935;9,9676;9,96478;9,95137;9,97537;9,95137;9,97537;0,122886;0,971524;0,970972;0,968642;0,97275;0,968642;0,97275;0,217194
aarch64;wh-occ-opt;zipfian;1,200000;1;65536;1000;500;4096;90;5;5;3;2,14705e+07;2,1486e+07;2,14595e+07;2,15281e+07;2,14595e+07;2,15281e+07;0,171446;46,5756;46,542;46,4509;46,5994;46,4509;46,5994;0,171293;1;1;1;1;1;1;0
aarch64;wh-occ-opt;zipfian;1,200000;1;65536;100000;50000;4096;90;5;5;3;1,97929e+07;1,97803e+07;1,97152e+07;1,98326e+07;1,97152e+07;1,98326e+07;0,301838;50,5231;50,5558;50,422;50,7222;50,422;50,7222;0,302117;1;1;1;1;1;1;0
aarch64;wh-occ-opt;zipfian;1,200000;2;65536;1000;500;4096;90;5;5;3;2,84081e+07;2,84029e+07;2,82774e+07;2,85232e+07;2,82774e+07;2,85232e+07;0,432913;35,2012;35,2081;35,0592;35,3639;35,0592;35,3639;0,433036;0,989914;0,989967;0,989017;0,990971;0,989017;0,990971;0,0988003
aarch64;wh-occ-opt;zipfian;1,200000;2;65536;100000;50000;4096;90;5;5;3;3,04247e+07;3,0426e+07;3,03547e+07;3,04986e+07;3,03547e+07;3,04986e+07;0,236459;32,8681;32,8668;32,7884;32,9438;32,7884;32,9438;0,236442;0,986987;0,987116;0,986644;0,987717;0,986644;0,987717;0,0555161
aarch64;wh-occ-opt;zipfian;1,200000;4;65536;1000;500;4096;90;5;5;3;4,47282e+07;4,44014e+07;4,32777e+07;4,51984e+07;4,32777e+07;4,51984e+07;2,25483;22,3572;22,5295;22,1247;23,1066;22,1247;23,1066;2,27754;0,978235;0,97829;0,975371;0,981263;0,975371;0,981263;0,301177
aarch64;wh-occ-opt;zipfian;1,200000;4;65536;100000;50000;4096;90;5;5;3;5,33655e+07;5,32917e+07;5,3087e+07;5,34226e+07;5,3087e+07;5,34226e+07;0,336965;18,7387;18,7648;18,7187;18,837;18,7187;18,837;0,337549;0,973506;0,974212;0,973318;0,975811;0,973318;0,975811;0,1425
aarch64;wh-occ-opt;zipfian;1,200000;8;65536;1000;500;4096;90;5;5;3;5,92539e+07;5,93056e+07;5,73028e+07;6,13602e+07;5,73028e+07;6,13602e+07;3,4216;16,8765;16,875;16,2972;17,4512;16,2972;17,4512;3,41913;0,950053;0,953179;0,948307;0,961176;0,948307;0,961176;0,73236
aarch64;wh-occ-opt;zipfian;1,200000;8;65536;100000;50000;4096;90;5;5;3;8,67529e+07;8,69481e+07;8,45995e+07;8,9492e+07;8,45995e+07;8,9492e+07;2,82017;11,527;11,5072;11,1742;11,8204;11,1742;11,8204;2,81184;0,968834;0,969732;0,96802;0,972343;0,96802;0,972343;0,236895
aarch64;wh-occ-opt;zipfian;1,500000;1;65536;1000;500;4096;90;5;5;3;2,18217e+07;2,18184e+07;2,17802e+07;2,18534e+07;2,17802e+07;2,18534e+07;0,168241;45,8259;45,8329;45,7595;45,9133;45,7595;45,9133;0,168279;1;1;1;1;1;1;0
aarch64;wh-occ-opt;zipfian;1,500000;1;65536;100000;50000;4096;90;5;5;3;2,08784e+07;2,08872e+07;2,08295e+07;2,09536e+07;2,08295e+07;2,09536e+07;0,299284;47,8964;47,8765;47,7244;48,0087;47,7244;48,0087;0,2991;1;1;1;1;1;1;0
aarch64;wh-occ-opt;zipfian;1,500000;2;65536;1000;500;4096;90;5;5;3;3,0262e+07;3,00901e+07;2,95394e+07;3,04688e+07;2,95394e+07;3,04688e+07;1,62184;33,0447;33,2394;32,8204;33,8531;32,8204;33,8531;1,63418;0,992615;0,99285;0,992126;0,993809;0,992126;0,993809;0,0871995
aarch64;wh-occ-opt;zipfian;1,500000;2;65536;100000;50000;4096;90;5;5;3;3,06723e+07;3,0449e+07;2,99897e+07;3,0685e+07;2,99897e+07;3,0685e+07;1,30658;32,6027;32,8456;32,5892;33,3448;32,5892;33,3448;1,31651;0,979398;0,981372;0,97917;0,985549;0,97917;0,985549;0,368759
aarch64;wh-occ-opt;zipfian;1,500000;4;65536;1000;500;4096;90;5;5;3;4,55155e+07;4,58394e+07;4,49657e+07;4,7037e+07;4,49657e+07;4,7037e+07;2,34069;21,9705;21,8232;21,2599;22,2392;21,2599;22,2392;2,31867;0,976612;0,975163;0,971901;0,976975;0,971901;0,976975;0,29026
aarch64;wh-occ-opt;zipfian;1,500000;4;65536;100000;50000;4096;90;5;5;3;4,98524e+07;5,00406e+07;4,9786e+07;5,04834e+07;4,9786e+07;5,04834e+07;0,769223;20,0592;19,9846;19,8085;20,086;19,8085;20,086;0,765938;0,975039;0,975032;0,974816;0,975241;0,974816;0,975241;0,021803
aarch64;wh-occ-opt;zipfian;1,500000;8;65536;1000;500;4096;90;5;5;3;5,00618e+07;5,19699e+07;4,95165e+07;5,63314e+07;4,95165e+07;5,63314e+07;7,28688;19,9753;19,3076;17,7521;20,1953;17,7521;20,1953;7,00015;0,933237;0,863601;0,71022;0,947345;0,71022;0,947345;15,4028
aarch64;wh-occ-opt;zipfian;1,500000;8;65536;100000;50000;4096;90;5;5;3;7,02246e+07;6,63265e+07;5,68475e+07;7,19074e+07;5,68475e+07;7,19074e+07;12,4416;14,24;15,2459;13,9068;17,5909;13,9068;17,5909;13,3654;0,958197;0,882455;0,723292;0,965876;0,723292;0,965876;15,626
aarch64;wh-pcpu-rw;uniform;0,990000;1;65536;1000;500;4096;50;25;25;3;1,14335e+07;1,14162e+07;1,1369e+07;1,1446e+07;1,1369e+07;1,1446e+07;0,361833;87,4626;87,5959;87,3667;87,9583;87,3667;87,9583;0,362517;1;1;1;1;1;1;0
aarch64;wh-pcpu-rw;uniform;0,990000;1;65536;1000;500;4096;90;5;5;3;1,72659e+07;1,7245e+07;1,71975e+07;1,72714e+07;1,71975e+07;1,72714e+07;0,238629;57,9177;57,9882;57,8991;58,1479;57,8991;58,1479;0,238953;1;1;1;1;1;1;0
aarch64;wh-pcpu-rw;uniform;0,990000;1;65536;100000;50000;4096;50;25;25;3;6,08826e+06;6,21161e+06;6,03994e+06;6,50664e+06;6,03994e+06;6,50664e+06;4,13166;164,251;161,168;153,689;165,565;153,689;165,565;4,03941;1;1;1;1;1;1;0
aarch64;wh-pcpu-rw;uniform;0,990000;1;65536;100000;50000;4096;90;5;5;3;1,18625e+07;1,1884e+07;1,18387e+07;1,19509e+07;1,18387e+07;1,19509e+07;0,497569;84,2994;84,1481;83,6758;84,469;83,6758;84,469;0,4964;1;1;1;1;1;1;0
aarch64;wh-pcpu-rw;uniform;0,990000;2;65536;1000;500;4096;50;25;25;3;8,94046e+06;6,95295e+06;2,41331e+06;9,50508e+06;2,41331e+06;9,50508e+06;56,6891;111,851;210,475;105,207;414,368;105,207;414,368;83,9088;0,982451;0,981755;0,979728;0,983087;0,979728;0,983087;0,181745
aarch64;wh-pcpu-rw;uniform;0,990000;2;65536;1000;500;4096;90;5;5;3;1,88743e+07;1,47016e+07;5,37742e+06;1,9853e+07;5,37742e+06;1,9853e+07;55,0266;52,9821;96,4383;50,3701;185,963;50,3701;185,963;80,4052;0,992369;0,993508;0,98859;0,999564;0,98859;0,999564;0,561134
aarch64;wh-pcpu-rw;uniform;0,990000;2;65536;100000;50000;4096;50;25;25;3;1,12395e+07;1,13577e+07;1,12113e+07;1,16222e+07;1,12113e+07;1,16222e+07;2,02064;88,9717;88,0701;86,0426;89,1959;86,0426;89,1959;1,99774;0,98274;0,967648;0,926501;0,993703;0,926501;0,993703;3,72589
aarch64;wh-pcpu-rw;uniform;0,990000;2;65536;100000;50000;4096;90;5;5;3;2,12319e+07;2,12229e+07;2,11702e+07;2,12667e+07;2,11702e+07;2,12667e+07;0,230239;47,099;47,119;47,0218;47,2362;47,0218;47,2362;0,230381;0,993322;0,990309;0,984179;0,993425;0,984179;0,993425;0,536065
aarch64;wh-pcpu-rw;uniform;0,990000;4;65536;1000;500;4096;50;25;25;3;1,44072e+06;1,60627e+06;1,33347e+06;2,04463e+06;1,33347e+06;2,04463e+06;23,8686;694,097;644,369;489,087;749,923;489,087;749,923;21,3146;0,958903;0,964358;0,95271;0,981462;0,95271;0,981462;1,56917
aarch64;wh-pcpu-rw;uniform;0,990000;4;65536;1000;500;4096;90;5;5;3;4,01579e+06;4,1644e+06;3,17783e+06;5,29958e+06;3,17783e+06;5,29958e+06;25,6616;249,017;250,797;188,694;314,68;188,694;314,68;25,1246;0,98038;0,982146;0,980222;0,985837;0,980222;0,985837;0,325531
aarch64;wh-pcpu-rw;uniform;0,990000;4;65536;100000;50000;4096;50;25;25;3;2,14762e+07;2,14915e+07;2,1463e+07;2,15353e+07;2,1463e+07;2,15353e+07;0,179013;46,5632;46,5302;46,4355;46,5918;46,4355;46,5918;0,178852;0,942737;0,94373;0,917166;0,971287;0,917166;0,971287;2,86885
aarch64;wh-pcpu-rw;uniform;0,990000;4;65536;100000;50000;4096;90;5;5;3;3,7296e+07;3,72559e+07;3,71675e+07;3,73042e+07;3,71675e+07;3,73042e+07;0,205721;26,8125;26,8415;26,8067;26,9052;26,8067;26,9052;0,205962;0,981155;0,975308;0,963025;0,981744;0,963025;0,981744;1,09109
aarch64;wh-pcpu-rw;uniform;0,990000;8;65536;1000;500;4096;50;25;25;3;39334;42600,3;31572;56895;31572;56895;30,4543;25422,8;24890,6;17576,1;31672,8;17576,1;31672,8;28,378;0,87715;0,861986;0,790831;0,917976;0,790831;0,917976;7,53084
aarch64;wh-pcpu-rw;uniform;0,990000;8;65536;1000;500;4096;90;5;5;3;39852;57390;23965;108353;23965;108353;78,1397;25092,7;25349,7;9229,02;41727,4;9229,02;41727,4;64,1062;0,835322;0,823876;0,768382;0,867925;0,768382;0,867925;6,15978
aarch64;wh-pcpu-rw;uniform;0,990000;8;65536;100000;50000;4096;50;25;25;3;2,63811e+07;2,60685e+07;2,46692e+07;2,71551e+07;2,46692e+07;2,71551e+07;4,87972;37,9059;38,4226;36,8255;40,5363;36,8255;40,5363;4,96736;0,967063;0,957186;0,932818;0,971678;0,932818;0,971678;2,21789
aarch64;wh-pcpu-rw;uniform;0,990000;8;65536;100000;50000;4096;90;5;5;3;3,40104e+07;3,4344e+07;3,34334e+07;3,55881e+07;3,34334e+07;3,55881e+07;3,24779;29,4028;29,1374;28,0992;29,9102;28,0992;29,9102;3,20611;0,96335;0,87859;0,70718;0,96524;0,70718;0,96524;16,8962
aarch64;wh-pcpu-rw;zipfian;0,990000;1;65536;1000;500;4096;50;25;25;3;1,18274e+07;1,18323e+07;1,18254e+07;1,18442e+07;1,18254e+07;1,18442e+07;0,0873201;84,5496;84,5144;84,4297;84,564;84,4297;84,564;0,0872778;1;1;1;1;1;1;0
aarch64;wh-pcpu-rw;zipfian;0,990000;1;65536;1000;500;4096;90;5;5;3;1,7287e+07;1,72761e+07;1,72468e+07;1,72944e+07;1,72468e+07;1,72944e+07;0,148184;57,8468;57,8836;57,8223;57,9817;57,8223;57,9817;0,148298;1;1;1;1;1;1;0
aarch64;wh-pcpu-rw;zipfian;0,990000;1;65536;100000;50000;4096;50;25;25;3;7,09814e+06;7,09598e+06;6,94656e+06;7,24323e+06;6,94656e+06;7,24323e+06;2,09058;140,882;140,966;138,06;143,956;138,06;143,956;2,09199;1;1;1;1;1;1;0
aarch64;wh-pcpu-rw;zipfian;0,990000;1;65536;100000;50000;4096;90;5;5;3;1,28165e+07;1,28146e+07;1,27922e+07;1,28351e+07;1,27922e+07;1,28351e+07;0,167857;78,0242;78,0362;77,9116;78,1728;77,9116;78,1728;0,167894;1;1;1;1;1;1;0
aarch64;wh-pcpu-rw;zipfian;0,990000;2;65536;1000;500;4096;50;25;25;3;7,20378e+06;6,37522e+06;3,40369e+06;8,51817e+06;3,40369e+06;8,51817e+06;41,6615;138,816;183,337;117,396;293,799;117,396;293,799;52,5047;0,996162;0,995842;0,992134;0,999231;0,992134;0,999231;0,357414
aarch64;wh-pcpu-rw;zipfian;0,990000;2;65536;1000;500;4096;90;5;5;3;1,97824e+07;1,90047e+07;1,70196e+07;2,0212e+07;1,70196e+07;2,0212e+07;9,11596;50,55;52,9271;49,4756;58,7557;49,4756;58,7557;9,59093;0,983911;0,982839;0,972809;0,991796;0,972809;0,991796;0,970537
aarch64;wh-pcpu-rw;zipfian;0,990000;2;65536;100000;50000;4096;50;25;25;3;1,12452e+07;1,11841e+07;1,10435e+07;1,12636e+07;1,10435e+07;1,12636e+07;1,09175;88,9268;89,4197;88,7815;90,5508;88,7815;90,5508;1,0985;0,995994;0,992382;0,983309;0,997844;0,983309;0,997844;0,797273
aarch64;wh-pcpu-rw;zipfian;0,990000;2;65536;100000;50000;4096;90;5;5;3;2,16226e+07;2,16755e+07;2,15019e+07;2,19018e+07;2,15019e+07;2,19018e+07;0,94634;46,2478;46,1379;45,6583;46,5075;45,6583;46,5075;0,943148;0,99639;0,993986;0,988626;0,996943;0,988626;0,996943;0,467855
aarch64;wh-pcpu-rw;zipfian;0,990000;4;65536;1000;500;4096;50;25;25;3;878070;1,72279e+06;431099;3,85921e+06;431099;3,85921e+06;108,176;1138,86;1239,21;259,12;2319,65;259,12;2319,65;83,4341;0,975055;0,975354;0,971017;0,979991;0,971017;0,979991;0,460805
aarch64;wh-pcpu-rw;zipfian;0,990000;4;65536;1000;500;4096;90;5;5;3;4,23324e+06;3,70391e+06;1,80408e+06;5,07442e+06;1,80408e+06;5,07442e+06;45,8491;236,226;329,197;197,067;554,299;197,067;554,299;59,5159;0,976576;0,967105;0,94191;0,982829;0,94191;0,982829;2,27921
aarch64;wh-pcpu-rw;zipfian;0,990000;4;65536;100000;50000;4096;50;25;25;3;1,54634e+07;1,58283e+07;1,53853e+07;1,66362e+07;1,53853e+07;1,66362e+07;4,42713;64,6688;63,2586;60,1099;64,9969;60,1099;64,9969;4,31841;0,975416;0,977605;0,974157;0,983241;0,974157;0,983241;0,503438
aarch64;wh-pcpu-rw;zipfian;0,990000;4;65536;100000;50000;4096;90;5;5;3;2,87988e+07;2,89051e+07;2,78737e+07;3,00426e+07;2,78737e+07;3,00426e+07;3,76518;34,7236;34,6286;33,2861;35,8761;33,2861;35,8761;3,74723;0,981825;0,979884;0,974479;0,983349;0,974479;0,983349;0,484013
aarch64;wh-pcpu-rw;zipfian;0,990000;8;65536;1000;500;4096;50;25;25;3;76879;68571,3;21148;107687;21148;107687;63,9678;13007,3;23192,7;9286,15;47284,7;9286,15;47284,7;90,3174;0,744367;0,748752;0,692308;0,809581;0,692308;0,809581;7,84764
aarch64;wh-pcpu-rw;zipfian;0,990000;8;65536;1000;500;4096;90;5;5;3;24346;33879;13604;63687;13604;63687;77,8279;41074;43426,6;15701,8;73504,1;15701,8;73504,1;66,717;0,828244;0,828367;0,812081;0,844776;0,812081;0,844776;1,9735
aarch64;wh-pcpu-rw;zipfian;0,990000;8;65536;100000;50000;4096;50;25;25;3;158844;353054;123134;777185;123134;777185;104,16;6295,48;5234,45;1286,69;8121,18;1286,69;8121,18;67,6026;0,873824;0,898118;0,868468;0,952062;0,868468;0,952062;5,21018
aarch64;wh-pcpu-rw;zipfian;0,990000;8;65536;100000;50000;4096;90;5;5;3;406155;596469;260749;1,1225e+06;260749;1,1225e+06;77,3425;2462,11;2396,02;890,865;3835,1;890,865;3835,1;61,4864;0,948679;0,952705;0,948201;0,961235;0,948201;0,961235;0,775798
aarch64;wh-pcpu-rw;zipfian;1,200000;1;65536;1000;500;4096;90;5;5;3;1,73313e+07;1,73532e+07;1,73124e+07;1,74159e+07;1,73124e+07;1,74159e+07;0,317781;57,699;57,6266;57,4187;57,7622;57,4187;57,7622;0,317276;1;1;1;1;1;1;0
aarch64;wh-pcpu-rw;zipfian;1,200000;1;65536;100000;50000;4096;90;5;5;3;1,50332e+07;1,50367e+07;1,49401e+07;1,51369e+07;1,49401e+07;1,51369e+07;0,654874;66,5195;66,5057;66,0635;66,9339;66,0635;66,9339;0,654656;1;1;1;1;1;1;0
aarch64;wh-pcpu-rw;zipfian;1,200000;2;65536;1000;500;4096;90;5;5;3;4,70768e+06;8,07605e+06;3,52142e+06;1,5999e+07;3,52142e+06;1,5999e+07;85,2781;212,419;186,299;62,5038;283,976;62,5038;283,976;60,6673;0,997632;0,997089;0,995429;0,998206;0,995429;0,998206;0,147025
aarch64;wh-pcpu-rw;zipfian;1,200000;2;65536;100000;50000;4096;90;5;5;3;2,27776e+07;2,25467e+07;2,19292e+07;2,29334e+07;2,19292e+07;2,29334e+07;2,39688;43,9028;44,3695;43,6045;45,6012;43,6045;45,6012;2,42748;0,975243;0,975639;0,973093;0,978582;0,973093;0,978582;0,283494
aarch64;wh-pcpu-rw;zipfian;1,200000;4;65536;1000;500;4096;90;5;5;3;2,61127e+06;4,06737e+06;2,01852e+06;7,57231e+06;2,01852e+06;7,57231e+06;74,9823;382,955;336,809;132,06;495,412;132,06;495,412;55,23;0,956148;0,961168;0,948104;0,979252;0,948104;0,979252;1,68227
aarch64;wh-pcpu-rw;zipfian;1,200000;4;65536;100000;50000;4096;90;5;5;3;1,50591e+07;1,52155e+07;4,09282e+06;2,64944e+07;4,09282e+06;2,64944e+07;73,62;66,4049;116,16;37,7438;244,33;37,7438;244,33;96,3504;0,976546;0,977314;0,972603;0,982793;0,972603;0,982793;0,52575
aarch64;wh-pcpu-rw;zipfian;1,200000;8;65536;1000;500;4096;90;5;5;3;33398;34403,3;13377;56435;13377;56435;62,6294;29941,3;40804,7;17719,4;74753,5;17719,4;74753,5;73,5917;0,641854;0,668922;0,641509;0,723404;0,641509;0,723404;7,05356
aarch64;wh-pcpu-rw;zipfian;1,200000;8;65536;100000;50000;4096;90;5;5;3;31919;28531,7;18182;35494;18182;35494;32,0331;31328,5;38167,2;28173,7;54999,4;28173,7;54999,4;38,4157;0,865979;0,859468;0,843658;0,868766;0,843658;0,868766;1,60126
aarch64;wh-pcpu-rw;zipfian;1,500000;1;65536;1000;500;4096;90;5;5;3;1,75037e+07;1,7504e+07;1,74715e+07;1,75367e+07;1,74715e+07;1,75367e+07;0,18637;57,1306;57,13;57,0232;57,2361;57,0232;57,2361;0,186367;1;1;1;1;1;1;0
aarch64;wh-pcpu-rw;zipfian;1,500000;1;65536;100000;50000;4096;90;5;5;3;1,64564e+07;1,64293e+07;1,63718e+07;1,64598e+07;1,63718e+07;1,64598e+07;0,303283;60,7668;60,8671;60,754;61,0805;60,754;61,0805;0,303814;1;1;1;1;1;1;0
aarch64;wh-pcpu-rw;zipfian;1,500000;2;65536;1000;500;4096;90;5;5;3;1,36728e+07;1,1489e+07;1,95815e+06;1,8836e+07;1,95815e+06;1,8836e+07;75,2743;73,1381;212,305;53,0898;510,686;53,0898;510,686;121,806;0,978978;0,980622;0,972218;0,99067;0,972218;0,99067;0,951968
aarch64;wh-pcpu-rw;zipfian;1,500000;2;65536;100000;50000;4096;90;5;5;3;2,01983e+07;1,88988e+07;1,4793e+07;2,17052e+07;1,4793e+07;2,17052e+07;19,2323;49,5092;54,3935;46,0719;67,5994;46,0719;67,5994;21,2618;0,976519;0,98122;0,974413;0,992727;0,974413;0,992727;1,02129
aarch64;wh-pcpu-rw;zipfian;1,500000;4;65536;1000;500;4096;90;5;5;3;1,87577e+06;2,54825e+06;1,79524e+06;3,97374e+06;1,79524e+06;3,97374e+06;48,4712;533,115;447,266;251,652;557,029;251,652;557,029;37,9702;0,955383;0,958802;0,948107;0,972915;0,948107;0,972915;1,33004
aarch64;wh-pcpu-rw;zipfian;1,500000;4;65536;100000;50000;4096;90;5;5;3;2,34514e+06;3,74461e+06;1,27973e+06;7,60895e+06;1,27973e+06;7,60895e+06;90,497;426,414;446,418;131,424;781,416;131,424;781,416;72,9042;0,971335;0,973553;0,968866;0,980457;0,968866;0,980457;0,62713
aarch64;wh-pcpu-rw;zipfian;1,500000;8;65536;1000;500;4096;90;5;5;3;34223;41100;30456;58621;30456;58621;37,2021;29219,4;26370,4;17058,6;32833,2;17058,6;32833,2;31,339;0,675418;0,675858;0,598446;0,753709;0,598446;0,753709;11,4865
aarch64;wh-pcpu-rw;zipfian;1,500000;8;65536;100000;50000;4096;90;5;5;3;12465;26024,7;4515;61094;4515;61094;117,696;80222,9;106024;16368;221482;16368;221482;98,999;0,563298;0,563563;0,542484;0,584906;0,542484;0,584906;3,76395
aarch64;wh-pcpu-rw-v2;uniform;0,990000;1;65536;1000;500;4096;50;25;25;3;1,01246e+07;1,01092e+07;1,00712e+07;1,01317e+07;1,00712e+07;1,01317e+07;0,327355;98,7697;98,9209;98,6998;99,2933;98,6998;99,2933;0,32794;1;1;1;1;1;1;0
aarch64;wh-pcpu-rw-v2;uniform;0,990000;1;65536;1000;500;4096;90;5;5;3;1,64563e+07;1,64647e+07;1,64415e+07;1,64964e+07;1,64415e+07;1,64964e+07;0,17264;60,7671;60,736;60,6192;60,8217;60,6192;60,8217;0,172519;1;1;1;1;1;1;0
aarch64;wh-pcpu-rw-v2;uniform;0,990000;1;65536;100000;50000;4096;50;25;25;3;6,16826e+06;6,15817e+06;5,91284e+06;6,3934e+06;5,91284e+06;6,3934e+06;3,9044;162,12;162,552;156,411;169,124;156,411;169,124;3,91695;1;1;1;1;1;1;0
aarch64;wh-pcpu-rw-v2;uniform;0,990000;1;65536;100000;50000;4096;90;5;5;3;1,13984e+07;1,1418e+07;1,12125e+07;1,16432e+07;1,12125e+07;1,16432e+07;1,89198;87,7315;87,6018;85,8872;89,1865;85,8872;89,1865;1,88748;1;1;1;1;1;1;0
aarch64;wh-pcpu-rw-v2;uniform;0,990000;2;65536;1000;500;4096;50;25;25;3;1,13627e+07;1,13729e+07;1,13012e+07;1,14549e+07;1,13012e+07;1,14549e+07;0,680298;88,0073;87,9309;87,299;88,4865;87,299;88,4865;0,679414;0,98939;0,985197;0,976046;0,990156;0,976046;0,990156;0,805375
aarch64;wh-pcpu-rw-v2;uniform;0,990000;2;65536;1000;500;4096;90;5;5;3;2,29394e+07;2,25498e+07;2,15627e+07;2,31473e+07;2,15627e+07;2,31473e+07;3,81886;43,5931;44,3903;43,2015;46,3763;43,2015;46,3763;3,89958;0,997081;0,993076;0,98487;0,997276;0,98487;0,997276;0,715654
aarch64;wh-pcpu-rw-v2;uniform;0,990000;2;65536;100000;50000;4096;50;25;25;3;1,08185e+07;1,08476e+07;1,07109e+07;1,10134e+07;1,07109e+07;1,10134e+07;1,41384;92,434;92,1984;90,7982;93,3631;90,7982;93,3631;1,40849;0,974693;0,975841;0,964269;0,988562;0,964269;0,988562;1,24889
aarch64;wh-pcpu-rw-v2;uniform;0,990000;2;65536;100000;50000;4096;90;5;5;3;2,02966e+07;2,03691e+07;2,02509e+07;2,05598e+07;2,02509e+07;2,05598e+07;0,818316;49,2693;49,0961;48,6387;49,3804;48,6387;49,3804;0,814793;0,989647;0,984565;0,964944;0,999103;0,964944;0,999103;1,7914
aarch64;wh-pcpu-rw-v2;uniform;0,990000;4;65536;1000;500;4096;50;25;25;3;1,64788e+07;1,64626e+07;1,58846e+07;1,70245e+07;1,58846e+07;1,70245e+07;3,46296;60,684;60,7923;58,739;62,954;58,739;62,954;3,47013;0,986226;0,985655;0,982013;0,988727;0,982013;0,988727;0,344257
aarch64;wh-pcpu-rw-v2;uniform;0,990000;4;65536;1000;500;4096;90;5;5;3;3,69946e+07;3,69813e+07;3,66332e+07;3,73161e+07;3,66332e+07;3,73161e+07;0,923873;27,0309;27,0422;26,7981;27,2977;26,7981;27,2977;0,924412;0,980193;0,970621;0,947735;0,983936;0,947735;0,983936;2,05109
aarch64;wh-pcpu-rw-v2;uniform;0,990000;4;65536;100000;50000;4096;50;25;25;3;2,03715e+07;2,02815e+07;1,99859e+07;2,04872e+07;1,99859e+07;2,04872e+07;1,29404;49,0881;49,3114;48,811;50,0352;48,811;50,0352;1,30172;0,981556;0,975845;0,961191;0,984787;0,961191;0,984787;1,31095
aarch64;wh-pcpu-rw-v2;uniform;0,990000;4;65536;100000;50000;4096;90;5;5;3;3,6435e+07;3,64249e+07;3,63897e+07;3,64499e+07;3,63897e+07;3,64499e+07;0,0860282;27,4461;27,4538;27,4349;27,4803;27,4349;27,4803;0,0860596;0,976578;0,974677;0,967655;0,979799;0,967655;0,979799;0,64546
aarch64;wh-pcpu-rw-v2;uniform;0,990000;8;65536;1000;500;4096;50;25;25;3;1,08036e+07;1,03512e+07;9,24179e+06;1,10081e+07;9,24179e+06;1,10081e+07;9,33402;92,5615;97,2026;90,8421;108,204;90,8421;108,204;9,84164;0,806657;0,833922;0,76832;0,926788;0,76832;0,926788;9,91429
aarch64;wh-pcpu-rw-v2;uniform;0,990000;8;65536;1000;500;4096;90;5;5;3;3,59292e+07;3,46145e+07;3,00151e+07;3,78991e+07;3,00151e+07;3,78991e+07;11,8538;27,8325;29,1783;26,3858;33,3165;26,3858;33,3165;12,5301;0,919751;0,928701;0,901547;0,964804;0,901547;0,964804;3,50644
aarch64;wh-pcpu-rw-v2;uniform;0,990000;8;65536;100000;50000;4096;50;25;25;3;3,74772e+07;3,7263e+07;3,66882e+07;3,76235e+07;3,66882e+07;3,76235e+07;1,35025;26,6829;26,8396;26,5791;27,2568;26,5791;27,2568;1,35987;0,957134;0,954434;0,938969;0,967198;0,938969;0,967198;1,499
aarch64;wh-pcpu-rw-v2;uniform;0,990000;8;65536;100000;50000;4096;90;5;5;3;6,548e+07;6,54713e+07;6,52987e+07;6,56353e+07;6,52987e+07;6,56353e+07;0,257246;15,2718;15,2739;15,2357;15,3142;15,2357;15,3142;0,257298;0,960806;0,959611;0,955357;0,96267;0,955357;0,96267;0,396008
aarch64;wh-pcpu-rw-v2;zipfian;0,990000;1;65536;1000;500;4096;50;25;25;3;1,04099e+07;1,04209e+07;1,04068e+07;1,04461e+07;1,04068e+07;1,04461e+07;0,20993;96,0624;95,9608;95,7291;96,091;95,7291;96,091;0,209678;1;1;1;1;1;1;0
aarch64;wh-pcpu-rw-v2;zipfian;0,990000;1;65536;1000;500;4096;90;5;5;3;1,64591e+07;1,646e+07;1,64327e+07;1,64881e+07;1,64327e+07;1,64881e+07;0,168505;60,7566;60,7535;60,6497;60,8543;60,6497;60,8543;0,168494;1;1;1;1;1;1;0
aarch64;wh-pcpu-rw-v2;zipfian;0,990000;1;65536;100000;50000;4096;50;25;25;3;6,76172e+06;6,68414e+06;6,4749e+06;6,81581e+06;6,4749e+06;6,81581e+06;2,74103;147,891;149,684;146,718;154,442;146,718;154,442;2,78095;1;1;1;1;1;1;0
aarch64;wh-pcpu-rw-v2;zipfian;0,990000;1;65536;100000;50000;4096;90;5;5;3;1,26085e+07;1,26278e+07;1,25693e+07;1,27057e+07;1,25693e+07;1,27057e+07;0,555993;79,3117;79,1919;78,7051;79,559;78,7051;79,559;0,554821;1;1;1;1;1;1;0
aarch64;wh-pcpu-rw-v2;zipfian;0,990000;2;65536;1000;500;4096;50;25;25;3;1,07483e+07;1,07541e+07;1,05647e+07;1,09493e+07;1,05647e+07;1,09493e+07;1,78886;93,0378;93,0075;91,3299;94,6549;91,3299;94,6549;1,7877;0,972581;0,974866;0,96836;0,983656;0,96836;0,983656;0,810347
aarch64;wh-pcpu-rw-v2;zipfian;0,990000;2;65536;1000;500;4096;90;5;5;3;2,18445e+07;2,18689e+07;2,17896e+07;2,19728e+07;2,17896e+07;2,19728e+07;0,429877;45,7781;45,7275;45,5109;45,8935;45,5109;45,8935;0,429206;0,988721;0,987362;0,981097;0,992267;0,981097;0,992267;0,578078
aarch64;wh-pcpu-rw-v2;zipfian;0,990000;2;65536;100000;50000;4096;50;25;25;3;1,07246e+07;1,06805e+07;1,05285e+07;1,07885e+07;1,05285e+07;1,07885e+07;1,26847;93,2439;93,6386;92,6915;94,9804;92,6915;94,9804;1,27557;0,967062;0,973511;0,957753;0,995719;0,957753;0,995719;2,0326
aarch64;wh-pcpu-rw-v2;zipfian;0,990000;2;65536;100000;50000;4096;90;5;5;3;2,10349e+07;2,10644e+07;2,10274e+07;2,11309e+07;2,10274e+07;2,11309e+07;0,274128;47,5401;47,4737;47,324;47,5571;47,324;47,5571;0,273703;0,996803;0,995284;0,991832;0,997217;0,991832;0,997217;0,301088
aarch64;wh-pcpu-rw-v2;zipfian;0,990000;4;65536;1000;500;4096;50;25;25;3;1,41104e+07;1,37382e+07;1,28642e+07;1,42401e+07;1,28642e+07;1,42401e+07;5,52996;70,8695;72,9431;70,2245;77,7353;70,2245;77,7353;5,70674;0,977912;0,974291;0,966386;0,978575;0,966386;0,978575;0,703481
aarch64;wh-pcpu-rw-v2;zipfian;0,990000;4;65536;1000;500;4096;90;5;5;3;3,04181e+07;3,05167e+07;2,99156e+07;3,12163e+07;2,99156e+07;3,12163e+07;2,14935;32,8751;32,779;32,0346;33,4274;32,0346;33,4274;2,13965;0,970349;0,974614;0,963214;0,990279;0,963214;0,990279;1,43929
aarch64;wh-pcpu-rw-v2;zipfian;0,990000;4;65536;100000;50000;4096;50;25;25;3;1,90938e+07;1,91416e+07;1,90537e+07;1,92774e+07;1,90537e+07;1,92774e+07;0,623153;52,3731;52,2435;51,8742;52,4833;51,8742;52,4833;0,621203;0,981837;0,97619;0,963929;0,982805;0,963929;0,982805;1,08889
aarch64;wh-pcpu-rw-v2;zipfian;0,990000;4;65536;100000;50000;4096;90;5;5;3;3,68499e+07;3,68873e+07;3,68415e+07;3,69705e+07;3,68415e+07;3,69705e+07;0,195612;27,1371;27,1097;27,0486;27,1433;27,0486;27,1433;0,195396;0,976167;0,97413;0,96713;0,979092;0,96713;0,979092;0,640142
aarch64;wh-pcpu-rw-v2;zipfian;0,990000;8;65536;1000;500;4096;50;25;25;3;4,72907e+06;4,71358e+06;4,27441e+06;5,13726e+06;4,27441e+06;5,13726e+06;9,15723;211,458;213,355;194,656;233,95;194,656;233,95;9,24074;0,677583;0,669049;0,503439;0,826126;0,503439;0,826126;24,1406
aarch64;wh-pcpu-rw-v2;zipfian;0,990000;8;65536;1000;500;4096;90;5;5;3;1,4512e+07;1,44215e+07;1,37634e+07;1,49892e+07;1,37634e+07;1,49892e+07;4,28442;68,9084;69,4266;66,7149;72,6566;66,7149;72,6566;4,32765;0,870278;0,867507;0,846702;0,885542;0,846702;0,885542;2,25562
aarch64;wh-pcpu-rw-v2;zipfian;0,990000;8;65536;100000;50000;4096;50;25;25;3;3,29604e+07;3,27414e+07;3,1836e+07;3,34279e+07;3,1836e+07;3,34279e+07;2,49902;30,3394;30,5552;29,9151;31,411;29,9151;31,411;2,52297;0,970638;0,903263;0,76759;0,971561;0,76759;0,971561;13,0081
aarch64;wh-pcpu-rw-v2;zipfian;0,990000;8;65536;100000;50000;4096;90;5;5;3;6,2489e+07;6,12218e+07;5,78975e+07;6,32788e+07;5,78975e+07;6,32788e+07;4,74642;16,0028;16,3593;15,8031;17,2719;15,8031;17,2719;4,86969;0,961136;0,962124;0,951437;0,973798;0,951437;0,973798;1,16546
aarch64;wh-pcpu-rw-v2;zipfian;1,200000;1;65536;1000;500;4096;90;5;5;3;1,65394e+07;1,65389e+07;1,65381e+07;1,65394e+07;1,65381e+07;1,65394e+07;0,00448088;60,4618;60,4633;60,4617;60,4665;60,4617;60,4665;0,0044797;1;1;1;1;1;1;0
aarch64;wh-pcpu-rw-v2;zipfian;1,200000;1;65536;100000;50000;4096;90;5;5;3;1,45873e+07;1,45678e+07;1,44448e+07;1,46714e+07;1,44448e+07;1,46714e+07;0,786104;68,5527;68,6472;68,16;69,229;68,16;69,229;0,787656;1;1;1;1;1;1;0
aarch64;wh-pcpu-rw-v2;zipfian;1,200000;2;65536;1000;500;4096;90;5;5;3;2,12778e+07;2,14993e+07;2,12551e+07;2,19652e+07;2,12551e+07;2,19652e+07;1,87714;46,9973;46,5238;45,5266;47,0476;45,5266;47,0476;1,85709;0,984039;0,980793;0,95856;0,999781;0,95856;0,999781;2,12086
aarch64;wh-pcpu-rw-v2;zipfian;1,200000;2;65536;100000;50000;4096;90;5;5;3;2,20545e+07;2,20677e+07;2,2043e+07;2,21058e+07;2,2043e+07;2,21058e+07;0,151455;45,3423;45,3151;45,2371;45,3659;45,2371;45,3659;0,15134;0,967623;0,968276;0,966773;0,970432;0,966773;0,970432;0,197765
aarch64;wh-pcpu-rw-v2;zipfian;1,200000;4;65536;1000;500;4096;90;5;5;3;2,68531e+07;2,5185e+07;2,05085e+07;2,81934e+07;2,05085e+07;2,81934e+07;16,2994;37,2397;40,4897;35,4693;48,7602;35,4693;48,7602;17,8241;0,951019;0,948014;0,932142;0,960882;0,932142;0,960882;1,54045
aarch64;wh-pcpu-rw-v2;zipfian;1,200000;4;65536;100000;50000;4096;90;5;5;3;3,6434e+07;3,64403e+07;3,63288e+07;3,65581e+07;3,63288e+07;3,65581e+07;0,314956;27,4469;27,4423;27,3537;27,5264;27,3537;27,5264;0,314877;0,962617;0,961652;0,955902;0,966437;0,955902;0,966437;0,554606
aarch64;wh-pcpu-rw-v2;zipfian;1,200000;8;65536;1000;500;4096;90;5;5;3;9,72929e+06;9,30537e+06;8,42037e+06;9,76644e+06;8,42037e+06;9,76644e+06;8,23881;102,782;107,978;102,391;118,76;102,391;118,76;8,64928;0,761715;0,790758;0,747531;0,863028;0,747531;0,863028;7,96554
aarch64;wh-pcpu-rw-v2;zipfian;1,200000;8;65536;100000;50000;4096;90;5;5;3;3,44843e+07;3,31455e+07;3,02278e+07;3,47244e+07;3,02278e+07;3,47244e+07;7,63206;28,9987;30,293;28,7982;33,0822;28,7982;33,0822;7,98059;0,904593;0,909745;0,903963;0,920679;0,903963;0,920679;1,04143
aarch64;wh-pcpu-rw-v2;zipfian;1,500000;1;65536;1000;500;4096;90;5;5;3;1,66755e+07;1,66789e+07;1,66655e+07;1,66958e+07;1,66655e+07;1,66958e+07;0,0926385;59,9682;59,9559;59,8952;60,0042;59,8952;60,0042;0,0926129;1;1;1;1;1;1;0
aarch64;wh-pcpu-rw-v2;zipfian;1,500000;1;65536;100000;50000;4096;90;5;5;3;1,58065e+07;1,582e+07;1,57928e+07;1,58607e+07;1,57928e+07;1,58607e+07;0,227277;63,2653;63,2114;63,0487;63,3202;63,0487;63,3202;0,227028;1;1;1;1;1;1;0
aarch64;wh-pcpu-rw-v2;zipfian;1,500000;2;65536;1000;500;4096;90;5;5;3;2,18221e+07;2,19098e+07;2,15431e+07;2,23644e+07;2,15431e+07;2,23644e+07;1,90619;45,8252;45,6526;44,7139;46,4186;44,7139;46,4186;1,89556;0,974758;0,981747;0,973796;0,996688;0,973796;0,996688;1,31887
aarch64;wh-pcpu-rw-v2;zipfian;1,500000;2;65536;100000;50000;4096;90;5;5;3;2,27952e+07;2,28091e+07;2,25767e+07;2,30554e+07;2,25767e+07;2,30554e+07;1,05086;43,8688;43,8453;43,3737;44,2935;43,3737;44,2935;1,04997;0,972549;0,971926;0,969583;0,973645;0,969583;0,973645;0,216222
aarch64;wh-pcpu-rw-v2;zipfian;1,500000;4;65536;1000;500;4096;90;5;5;3;2,53684e+07;2,52296e+07;2,44412e+07;2,58791e+07;2,44412e+07;2,58791e+07;2,88939;39,4191;39,6583;38,6411;40,9146;38,6411;40,9146;2,9135;0,978883;0,975566;0,960338;0,987476;0,960338;0,987476;1,42172
aarch64;wh-pcpu-rw-v2;zipfian;1,500000;4;65536;100000;50000;4096;90;5;5;3;3,14667e+07;3,15182e+07;3,11324e+07;3,19557e+07;3,11324e+07;3,19557e+07;1,31375;31,7797;31,7313;31,2933;32,1209;31,2933;32,1209;1,31069;0,973807;0,973315;0,968961;0,977178;0,968961;0,977178;0,424375
aarch64;wh-pcpu-rw-v2;zipfian;1,500000;8;65536;1000;500;4096;90;5;5;3;6,89649e+06;6,6553e+06;6,14801e+06;6,92141e+06;6,14801e+06;6,92141e+06;6,60383;145,001;150,712;144,479;162,654;144,479;162,654;6,86472;0,780605;0,768122;0,678986;0,844776;0,678986;0,844776;10,8833
aarch64;wh-pcpu-rw-v2;zipfian;1,500000;8;65536;100000;50000;4096;90;5;5;3;9,2987e+06;8,88445e+06;7,62265e+06;9,732e+06;7,62265e+06;9,732e+06;12,539;107,542;113,828;102,754;131,188;102,754;131,188;13,3743;0,793622;0,784059;0,750512;0,808042;0,750512;0,808042;3,81777
aarch64;wh-tas;uniform;0,990000;1;65536;1000;500;4096;50;25;25;3;1,3061e+07;1,30831e+07;1,30587e+07;1,31297e+07;1,30587e+07;1,31297e+07;0,308355;76,5641;76,4349;76,1634;76,5774;76,1634;76,5774;0,30781;1;1;1;1;1;1;0
aarch64;wh-tas;uniform;0,990000;1;65536;1000;500;4096;90;5;5;3;1,81207e+07;1,81422e+07;1,81094e+07;1,81967e+07;1,81094e+07;1,81967e+07;0,261842;55,1856;55,1202;54,955;55,2201;54,955;55,2201;0,261473;1;1;1;1;1;1;0
aarch64;wh-tas;uniform;0,990000;1;65536;100000;50000;4096;50;25;25;3;1,41722e+07;1,41721e+07;1,4133e+07;1,42111e+07;1,4133e+07;1,42111e+07;0,27555;70,5607;70,5617;70,3677;70,7566;70,3677;70,7566;0,275553;1;1;1;1;1;1;0
aarch64;wh-tas;uniform;0,990000;1;65536;100000;50000;4096;90;5;5;3;1,73792e+07;1,73355e+07;1,72155e+07;1,74117e+07;1,72155e+07;1,74117e+07;0,606574;57,54;57,6865;57,4325;58,0871;57,4325;58,0871;0,60848;1;1;1;1;1;1;0
aarch64;wh-tas;uniform;0,990000;2;65536;1000;500;4096;50;25;25;3;1,59711e+07;1,5908e+07;1,57156e+07;1,60374e+07;1,57156e+07;1,60374e+07;1,06794;62,6131;62,8661;62,3543;63,6309;62,3543;63,6309;1,07346;0,990567;0,990534;0,989578;0,991456;0,989578;0,991456;0,0948422
aarch64;wh-tas;uniform;0,990000;2;65536;1000;500;4096;90;5;5;3;2,26324e+07;2,2682e+07;2,2556e+07;2,28577e+07;2,2556e+07;2,28577e+07;0,691424;44,1844;44,0892;43,749;44,3341;43,749;44,3341;0,689397;0,995458;0,994558;0,991207;0,997009;0,991207;0,997009;0,302032
aarch64;wh-tas;uniform;0,990000;2;65536;100000;50000;4096;50;25;25;3;2,02657e+07;2,03212e+07;2,02157e+07;2,04823e+07;2,02157e+07;2,04823e+07;0,6972;49,3445;49,2112;48,8227;49,4664;48,8227;49,4664;0,694793;0,988725;0,987612;0,984992;0,989118;0,984992;0,989118;0,230576
aarch64;wh-tas;uniform;0,990000;2;65536;100000;50000;4096;90;5;5;3;2,58332e+07;2,58426e+07;2,58328e+07;2,58618e+07;2,58328e+07;2,58618e+07;0,0642957;38,7099;38,6958;38,6671;38,7105;38,6671;38,7105;0,0642727;0,994156;0,993234;0,986545;0,999001;0,986545;0,999001;0,632175
aarch64;wh-tas;uniform;0,990000;4;65536;1000;500;4096;50;25;25;3;2,38487e+07;2,40246e+07;2,36841e+07;2,45409e+07;2,36841e+07;2,45409e+07;1,89239;41,931;41,6339;40,7483;42,2224;40,7483;42,2224;1,87497;0,98272;0,983585;0,980883;0,987151;0,980883;0,987151;0,3276
aarch64;wh-tas;uniform;0,990000;4;65536;1000;500;4096;90;5;5;3;3,30706e+07;3,35405e+07;3,28835e+07;3,46674e+07;3,28835e+07;3,46674e+07;2,92304;30,2384;29,8314;28,8455;30,4104;28,8455;30,4104;2,87657;0,985938;0,98435;0,980212;0,986899;0,980212;0,986899;0,367288
aarch64;wh-tas;uniform;0,990000;4;65536;100000;50000;4096;50;25;25;3;3,6199e+07;3,63323e+07;3,61395e+07;3,66585e+07;3,61395e+07;3,66585e+07;0,781777;27,6251;27,5248;27,2788;27,6706;27,2788;27,6706;0,778439;0,973116;0,970303;0,964477;0,973315;0,964477;0,973315;0,52006
aarch64;wh-tas;uniform;0,990000;4;65536;100000;50000;4096;90;5;5;3;4,60866e+07;4,59568e+07;4,54851e+07;4,62987e+07;4,54851e+07;4,62987e+07;0,91836;21,6983;21,7608;21,5989;21,9852;21,5989;21,9852;0,921917;0,988416;0,988459;0,985735;0,991227;0,985735;0,991227;0,277832
aarch64;wh-tas;uniform;0,990000;8;65536;1000;500;4096;50;25;25;3;2,63195e+07;2,5625e+07;2,41614e+07;2,63942e+07;2,41614e+07;2,63942e+07;4,94867;37,9946;39,09;37,8871;41,3884;37,8871;41,3884;5,09368;0,977065;0,977329;0,970781;0,98414;0,970781;0,98414;0,683844
aarch64;wh-tas;uniform;0,990000;8;65536;1000;500;4096;90;5;5;3;3,14466e+07;3,12596e+07;3,07423e+07;3,15899e+07;3,07423e+07;3,15899e+07;1,45137;31,7999;31,9947;31,6556;32,5284;31,6556;32,5284;1,46229;0,969964;0,971629;0,968337;0,976585;0,968337;0,976585;0,449629
aarch64;wh-tas;uniform;0,990000;8;65536;100000;50000;4096;50;25;25;3;6,50175e+07;6,50654e+07;6,48988e+07;6,52797e+07;6,48988e+07;6,52797e+07;0,299525;15,3805;15,3693;15,3187;15,4086;15,3187;15,4086;0,299216;0,959976;0,959459;0,958146;0,960254;0,958146;0,960254;0,119366
aarch64;wh-tas;uniform;0,990000;8;65536;100000;50000;4096;90;5;5;3;8,5518e+07;8,5717e+07;8,54912e+07;8,61416e+07;8,54912e+07;8,61416e+07;0,429358;11,6934;11,6664;11,6088;11,6971;11,6088;11,6971;0,428301;0,987547;0,986851;0,984264;0,988742;0,984264;0,988742;0,234961
aarch64;wh-tas;zipfian;0,990000;1;65536;1000;500;4096;50;25;25;3;1,38217e+07;1,38423e+07;1,38075e+07;1,38976e+07;1,38075e+07;1,38976e+07;0,35021;72,35;72,243;71,9546;72,4245;71,9546;72,4245;0,349571;1;1;1;1;1;1;0
aarch64;wh-tas;zipfian;0,990000;1;65536;1000;500;4096;90;5;5;3;1,86135e+07;1,8616e+07;1,86128e+07;1,86216e+07;1,86128e+07;1,86216e+07;0,0261953;53,7243;53,7173;53,7011;53,7265;53,7011;53,7265;0,0261911;1;1;1;1;1;1;0
aarch64;wh-tas;zipfian;0,990000;1;65536;100000;50000;4096;50;25;25;3;1,39549e+07;1,40236e+07;1,39526e+07;1,41632e+07;1,39526e+07;1,41632e+07;0,862316;71,6593;71,3121;70,6056;71,6714;70,6056;71,6714;0,858047;1;1;1;1;1;1;0
aarch64;wh-tas;zipfian;0,990000;1;65536;100000;50000;4096;90;5;5;3;1,76746e+07;1,77085e+07;1,76115e+07;1,78395e+07;1,76115e+07;1,78395e+07;0,664523;56,5783;56,4716;56,0555;56,7809;56,0555;56,7809;0,662786;1;1;1;1;1;1;0
aarch64;wh-tas;zipfian;0,990000;2;65536;1000;500;4096;50;25;25;3;1,45352e+07;1,44632e+07;1,42758e+07;1,45786e+07;1,42758e+07;1,45786e+07;1,13228;68,7984;69,1469;68,5935;70,0487;68,5935;70,0487;1,13915;0,99859;0,998386;0,997294;0,999275;0,997294;0,999275;0,100771
aarch64;wh-tas;zipfian;0,990000;2;65536;1000;500;4096;90;5;5;3;2,18934e+07;2,19224e+07;2,18295e+07;2,20445e+07;2,18295e+07;2,20445e+07;0,503778;45,676;45,6161;45,3627;45,8096;45,3627;45,8096;0,50285;0,997555;0,997145;0,995403;0,998476;0,995403;0,998476;0,158157
aarch64;wh-tas;zipfian;0,990000;2;65536;100000;50000;4096;50;25;25;3;1,80541e+07;1,80442e+07;1,80157e+07;1,80626e+07;1,80157e+07;1,80626e+07;0,138391;55,389;55,4197;55,363;55,507;55,363;55,507;0,138488;0,985155;0,985894;0,984926;0,9876;0,984926;0,9876;0,150336
aarch64;wh-tas;zipfian;0,990000;2;65536;100000;50000;4096;90;5;5;3;2,55075e+07;2,55577e+07;2,54779e+07;2,56876e+07;2,54779e+07;2,56876e+07;0,444159;39,2041;39,1277;38,9292;39,2497;38,9292;39,2497;0,44311;0,997708;0,997651;0,995317;0,999927;0,995317;0,999927;0,231096
aarch64;wh-tas;zipfian;0,990000;4;65536;1000;500;4096;50;25;25;3;2,01795e+07;2,00888e+07;1,97809e+07;2,03061e+07;1,97809e+07;2,03061e+07;1,36424;49,5553;49,7851;49,2463;50,5538;49,2463;50,5538;1,37257;0,983243;0,984379;0,982592;0,987303;0,982592;0,987303;0,259332
aarch64;wh-tas;zipfian;0,990000;4;65536;1000;500;4096;90;5;5;3;2,97993e+07;2,98705e+07;2,94779e+07;3,03344e+07;2,94779e+07;3,03344e+07;1,4484;33,5578;33,4825;32,9659;33,9237;32,9659;33,9237;1,4435;0,987144;0,985762;0,982451;0,98769;0,982451;0,98769;0,292169
aarch64;wh-tas;zipfian;0,990000;4;65536;100000;50000;4096;50;25;25;3;3,14644e+07;3,14102e+07;3,11755e+07;3,15906e+07;3,11755e+07;3,15906e+07;0,677536;31,782;31,8378;31,6549;32,0765;31,6549;32,0765;0,67919;0,971373;0,971435;0,970545;0,972386;0,970545;0,972386;0,0949161
aarch64;wh-tas;zipfian;0,990000;4;65536;100000;50000;4096;90;5;5;3;4,42908e+07;4,43315e+07;4,40777e+07;4,46261e+07;4,40777e+07;4,46261e+07;0,623696;22,5781;22,5579;22,4084;22,6872;22,4084;22,6872;0,622865;0,985817;0,986531;0,983563;0,990214;0,983563;0,990214;0,342873
aarch64;wh-tas;zipfian;0,990000;8;65536;1000;500;4096;50;25;25;3;1,26059e+07;1,26368e+07;1,21249e+07;1,31798e+07;1,21249e+07;1,31798e+07;4,17937;79,3282;79,2257;75,8737;82,4751;75,8737;82,4751;4,16767;0,951593;0,94619;0,930992;0,955985;0,930992;0,955985;1,41027
aarch64;wh-tas;zipfian;0,990000;8;65536;1000;500;4096;90;5;5;3;1,48499e+07;1,53789e+07;1,47112e+07;1,65758e+07;1,47112e+07;1,65758e+07;6,75471;67,3406;65,2151;60,329;67,9756;60,329;67,9756;6,50667;0,948587;0,954996;0,946854;0,969547;0,946854;0,969547;1,32265
aarch64;wh-tas;zipfian;0,990000;8;65536;100000;50000;4096;50;25;25;3;5,39136e+07;5,38821e+07;5,36692e+07;5,40633e+07;5,36692e+07;5,40633e+07;0,369169;18,5482;18,5592;18,4968;18,6326;18,4968;18,6326;0,369486;0,965719;0,965115;0,962932;0,966695;0,962932;0,966695;0,202337
aarch64;wh-tas;zipfian;0,990000;8;65536;100000;50000;4096;90;5;5;3;7,80152e+07;7,80317e+07;7,71271e+07;7,89529e+07;7,71271e+07;7,89529e+07;1,17005;12,818;12,8165;12,6658;12,9656;12,6658;12,9656;1,16976;0,97933;0,978822;0,976672;0,980464;0,976672;0,980464;0,198848
aarch64;wh-tas;zipfian;1,200000;1;65536;1000;500;4096;90;5;5;3;1,8911e+07;1,8917e+07;1,88715e+07;1,89685e+07;1,88715e+07;1,89685e+07;0,257732;52,8792;52,8628;52,7191;52,99;52,7191;52,99;0,257613;1;1;1;1;1;1;0
aarch64;wh-tas;zipfian;1,200000;1;65536;100000;50000;4096;90;5;5;3;1,84592e+07;1,84549e+07;1,84462e+07;1,84594e+07;1,84462e+07;1,84594e+07;0,0408482;54,1737;54,1861;54,1729;54,2116;54,1729;54,2116;0,0408576;1;1;1;1;1;1;0
aarch64;wh-tas;zipfian;1,200000;2;65536;1000;500;4096;90;5;5;3;2,23174e+07;2,22734e+07;2,21447e+07;2,23583e+07;2,21447e+07;2,23583e+07;0,5091;44,8082;44,8973;44,7261;45,1576;44,7261;45,1576;0,510385;0,993082;0,992771;0,991335;0,993896;0,991335;0,993896;0,131805
aarch64;wh-tas;zipfian;1,200000;2;65536;100000;50000;4096;90;5;5;3;2,52366e+07;2,52516e+07;2,51601e+07;2,53581e+07;2,51601e+07;2,53581e+07;0,395543;39,625;39,6019;39,4351;39,7455;39,4351;39,7455;0,3952;0,991297;0,990016;0,986708;0,992044;0,986708;0,992044;0,291848
aarch64;wh-tas;zipfian;1,200000;4;65536;1000;500;4096;90;5;5;3;2,58968e+07;2,57781e+07;2,5062e+07;2,63756e+07;2,5062e+07;2,63756e+07;2,57893;38,6148;38,8099;37,9138;39,9011;37,9138;39,9011;2,59697;0,982264;0,984403;0,974831;0,996114;0,974831;0,996114;1,09727
aarch64;wh-tas;zipfian;1,200000;4;65536;100000;50000;4096;90;5;5;3;3,96714e+07;3,97781e+07;3,96551e+07;4,00076e+07;3,96551e+07;4,00076e+07;0,500246;25,2071;25,1399;24,9952;25,2174;24,9952;25,2174;0,498816;0,989648;0,990338;0,988417;0,99295;0,988417;0,99295;0,236689
aarch64;wh-tas;zipfian;1,200000;8;65536;1000;500;4096;90;5;5;3;9,46417e+06;9,46907e+06;9,43617e+06;9,50685e+06;9,43617e+06;9,50685e+06;0,375908;105,662;105,608;105,187;105,975;105,187;105,975;0,375627;0,934495;0,940687;0,931723;0,955844;0,931723;0,955844;1,40313
aarch64;wh-tas;zipfian;1,200000;8;65536;100000;50000;4096;90;5;5;3;2,33953e+07;2,56117e+07;2,31214e+07;3,03184e+07;2,31214e+07;3,03184e+07;15,924;42,7436;39,6589;32,9833;43,25;32,9833;43,25;14,5915;0,931158;0,932924;0,924599;0,943015;0,924599;0,943015;1,00053
aarch64;wh-tas;zipfian;1,500000;1;65536;1000;500;4096;90;5;5;3;1,94922e+07;1,94887e+07;1,94481e+07;1,95259e+07;1,94481e+07;1,95259e+07;0,200353;51,3026;51,3119;51,214;51,419;51,214;51,419;0,200407;1;1;1;1;1;1;0
aarch64;wh-tas;zipfian;1,500000;1;65536;100000;50000;4096;90;5;5;3;1,93253e+07;1,93303e+07;1,93136e+07;1,93521e+07;1,93136e+07;1,93521e+07;0,102186;51,7455;51,7322;51,6739;51,7771;51,6739;51,7771;0,102148;1;1;1;1;1;1;0
aarch64;wh-tas;zipfian;1,500000;2;65536;1000;500;4096;90;5;5;3;2,21919e+07;2,24573e+07;2,21839e+07;2,2996e+07;2,21839e+07;2,2996e+07;2,07751;45,0614;44,5416;43,4858;45,0777;43,4858;45,0777;2,05289;0,993108;0,992635;0,991118;0,993678;0,991118;0,993678;0,135401
aarch64;wh-tas;zipfian;1,500000;2;65536;100000;50000;4096;90;5;5;3;2,4552e+07;2,44995e+07;2,43863e+07;2,45601e+07;2,43863e+07;2,45601e+07;0,400369;40,7299;40,8177;40,7165;41,0066;40,7165;41,0066;0,40129;0,988389;0,987584;0,984211;0,990153;0,984211;0,990153;0,309
aarch64;wh-tas;zipfian;1,500000;4;65536;1000;500;4096;90;5;5;3;2,07692e+07;2,10099e+07;2,07106e+07;2,155e+07;2,07106e+07;2,155e+07;2,23038;48,1483;47,6122;46,4038;48,2844;46,4038;48,2844;2,20254;0,976437;0,969342;0,954227;0,977362;0,954227;0,977362;1,35124
aarch64;wh-tas;zipfian;1,500000;4;65536;100000;50000;4096;90;5;5;3;2,64081e+07;2,6796e+07;2,64018e+07;2,75783e+07;2,64018e+07;2,75783e+07;2,52813;37,8672;37,3346;36,2604;37,8763;36,2604;37,8763;2,49176;0,983381;0,98155;0,974903;0,986367;0,974903;0,986367;0,6059
aarch64;wh-tas;zipfian;1,500000;8;65536;1000;500;4096;90;5;5;3;7,07674e+06;7,23431e+06;7,07205e+06;7,55414e+06;7,07205e+06;7,55414e+06;3,8289;141,308;138,362;132,378;141,402;132,378;141,402;3,74611;0,895802;0,907959;0,895718;0,932357;0,895718;0,932357;2,32712
aarch64;wh-tas;zipfian;1,500000;8;65536;100000;50000;4096;90;5;5;3;9,99418e+06;1,02298e+07;9,67163e+06;1,10235e+07;9,67163e+06;1,10235e+07;6,90213;100,058;98,0562;90,7151;103,395;90,7151;103,395;6,70317;0,941708;0,936764;0,922257;0,946326;0,922257;0,946326;1,36358
aarch64;wh-ttas;uniform;0,990000;1;65536;1000;500;4096;50;25;25;3;1,39066e+07;1,39166e+07;1,39035e+07;1,39398e+07;1,39035e+07;1,39398e+07;0,144549;71,9083;71,8566;71,7371;71,9243;71,7371;71,9243;0,144429;1;1;1;1;1;1;0
aarch64;wh-ttas;uniform;0,990000;1;65536;1000;500;4096;90;5;5;3;1,93634e+07;1,93726e+07;1,93254e+07;1,94291e+07;1,93254e+07;1,94291e+07;0,270816;51,6439;51,6196;51,4693;51,7455;51,4693;51,7455;0,27063;1;1;1;1;1;1;0
aarch64;wh-ttas;uniform;0,990000;1;65536;100000;50000;4096;50;25;25;3;1,44713e+07;1,44816e+07;1,44242e+07;1,45493e+07;1,44242e+07;1,45493e+07;0,436204;69,1022;69,054;68,7319;69,3279;68,7319;69,3279;0,435753;1;1;1;1;1;1;0
aarch64;wh-ttas;uniform;0,990000;1;65536;100000;50000;4096;90;5;5;3;1,76357e+07;1,76359e+07;1,76152e+07;1,76568e+07;1,76152e+07;1,76568e+07;0,117795;56,7032;56,7026;56,6355;56,7691;56,6355;56,7691;0,117794;1;1;1;1;1;1;0
aarch64;wh-ttas;uniform;0,990000;2;65536;1000;500;4096;50;25;25;3;1,64846e+07;1,64828e+07;1,64283e+07;1,65353e+07;1,64283e+07;1,65353e+07;0,32452;60,6626;60,6699;60,4768;60,8704;60,4768;60,8704;0,324579;0,98839;0,989392;0,987069;0,992717;0,987069;0,992717;0,298599
aarch64;wh-ttas;uniform;0,990000;2;65536;1000;500;4096;90;5;5;3;2,22166e+07;2,2036e+07;2,16564e+07;2,22352e+07;2,16564e+07;2,22352e+07;1,49268;45,0115;45,387;44,9738;46,1758;44,9738;46,1758;1,50561;0,996037;0,996278;0,992822;0,999976;0,992822;0,999976;0,359649
aarch64;wh-ttas;uniform;0,990000;2;65536;100000;50000;4096;50;25;25;3;2,05753e+07;2,05943e+07;2,05087e+07;2,06988e+07;2,05087e+07;2,06988e+07;0,468197;48,602;48,5579;48,3121;48,7597;48,3121;48,7597;0,467579;0,986797;0,985401;0,982025;0,987382;0,982025;0,987382;0,298212
aarch64;wh-ttas;uniform;0,990000;2;65536;100000;50000;4096;90;5;5;3;2,60344e+07;2,60262e+07;2,59182e+07;2,6126e+07;2,59182e+07;2,6126e+07;0,400055;38,4107;38,4232;38,2761;38,5829;38,2761;38,5829;0,400246;0,997838;0,996737;0,993259;0,999113;0,993259;0,999113;0,308856
aarch64;wh-ttas;uniform;0,990000;4;65536;1000;500;4096;50;25;25;3;2,42511e+07;2,45324e+07;2,40058e+07;2,53402e+07;2,40058e+07;2,53402e+07;2,89515;41,2352;40,7849;39,463;41,6566;39,463;41,6566;2,85407;0,978717;0,979206;0,977595;0,981305;0,977595;0,981305;0,194307
aarch64;wh-ttas;uniform;0,990000;4;65536;1000;500;4096;90;5;5;3;3,64705e+07;3,63505e+07;3,58074e+07;3,67735e+07;3,58074e+07;3,67735e+07;1,35933;27,4195;27,5134;27,1935;27,9272;27,1935;27,9272;1,36577;0,98498;0,984917;0,984056;0,985714;0,984056;0,985714;0,0843536
aarch64;wh-ttas;uniform;0,990000;4;65536;100000;50000;4096;50;25;25;3;3,67862e+07;3,67488e+07;3,66311e+07;3,6829e+07;3,66311e+07;3,6829e+07;0,28333;27,1841;27,2119;27,1525;27,2992;27,1525;27,2992;0,283707;0,967263;0,968048;0,96707;0,96981;0,96707;0,96981;0,157975
aarch64;wh-ttas;uniform;0,990000;4;65536;100000;50000;4096;90;5;5;3;4,65747e+07;4,64051e+07;4,60003e+07;4,66403e+07;4,60003e+07;4,66403e+07;0,758727;21,4709;21,5502;21,4407;21,739;21,4407;21,739;0,761936;0,986095;0,986812;0,981101;0,993239;0,981101;0,993239;0,618219
aarch64;wh-ttas;uniform;0,990000;8;65536;1000;500;4096;50;25;25;3;2,49496e+07;2,41836e+07;2,239e+07;2,52111e+07;2,239e+07;2,52111e+07;6,44549;40,0808;41,4695;39,6651;44,6628;39,6651;44,6628;6,68731;0,974728;0,948516;0,891581;0,979239;0,891581;0,979239;5,20378
aarch64;wh-ttas;uniform;0,990000;8;65536;1000;500;4096;90;5;5;3;3,18887e+07;3,23792e+07;2,95491e+07;3,56998e+07;2,95491e+07;3,56998e+07;9,58809;31,3591;31,0708;28,0113;33,8419;28,0113;33,8419;9,4171;0,965795;0,964718;0,957487;0,970871;0,957487;0,970871;0,700384
aarch64;wh-ttas;uniform;0,990000;8;65536;100000;50000;4096;50;25;25;3;6,5481e+07;6,56051e+07;6,54725e+07;6,58619e+07;6,54725e+07;6,58619e+07;0,338946;15,2716;15,2428;15,1833;15,2736;15,1833;15,2736;0,338288;0,95996;0,961297;0,959576;0,964355;0,959576;0,964355;0,276216
aarch64;wh-ttas;uniform;0,990000;8;65536;100000;50000;4096;90;5;5;3;8,01621e+07;8,21432e+07;7,94585e+07;8,68089e+07;7,94585e+07;8,68089e+07;4,93765;12,4747;12,1932;11,5196;12,5852;11,5196;12,5852;4,80569;0,615308;0,730129;0,593063;0,982015;0,593063;0,982015;29,9157
aarch64;wh-ttas;zipfian;0,990000;1;65536;1000;500;4096;50;25;25;3;1,44882e+07;1,44867e+07;1,44806e+07;1,44912e+07;1,44806e+07;1,44912e+07;0,0375964;69,0216;69,0289;69,0074;69,0577;69,0074;69,0577;0,0376009;1;1;1;1;1;1;0
aarch64;wh-ttas;zipfian;0,990000;1;65536;1000;500;4096;90;5;5;3;1,95283e+07;1,94946e+07;1,94092e+07;1,95464e+07;1,94092e+07;1,95464e+07;0,382286;51,2077;51,2967;51,1604;51,5219;51,1604;51,5219;0,383078;1;1;1;1;1;1;0
aarch64;wh-ttas;zipfian;0,990000;1;65536;100000;50000;4096;50;25;25;3;1,42516e+07;1,41819e+07;1,40248e+07;1,42692e+07;1,40248e+07;1,42692e+07;0,961345;70,1674;70,517;70,081;71,3024;70,081;71,3024;0,966613;1;1;1;1;1;1;0
aarch64;wh-ttas;zipfian;0,990000;1;65536;100000;50000;4096;90;5;5;3;1,79013e+07;1,78443e+07;1,77194e+07;1,79122e+07;1,77194e+07;1,79122e+07;0,607066;55,8617;56,0416;55,8277;56,4353;55,8277;56,4353;0,609176;1;1;1;1;1;1;0
aarch64;wh-ttas;zipfian;0,990000;2;65536;1000;500;4096;50;25;25;3;1,48163e+07;1,47907e+07;1,47347e+07;1,4821e+07;1,47347e+07;1,4821e+07;0,328087;67,493;67,6106;67,4718;67,8669;67,4718;67,8669;0,328702;0,999173;0,99826;0,996305;0,999302;0,996305;0,999302;0,169726
aarch64;wh-ttas;zipfian;0,990000;2;65536;1000;500;4096;90;5;5;3;2,35153e+07;2,34586e+07;2,31894e+07;2,36713e+07;2,31894e+07;2,36713e+07;1,0481;42,5256;42,6313;42,2453;43,1231;42,2453;43,1231;1,05175;0,99836;0,997999;0,997058;0,998578;0,997058;0,998578;0,0823549
aarch64;wh-ttas;zipfian;0,990000;2;65536;100000;50000;4096;50;25;25;3;1,81816e+07;1,81957e+07;1,8176e+07;1,82294e+07;1,8176e+07;1,82294e+07;0,161331;55,0008;54,9582;54,8564;55,0175;54,8564;55,0175;0,161187;0,98571;0,98627;0,984232;0,988868;0,984232;0,988868;0,240116
aarch64;wh-ttas;zipfian;0,990000;2;65536;100000;50000;4096;90;5;5;3;2,59254e+07;2,58937e+07;2,57872e+07;2,59685e+07;2,57872e+07;2,59685e+07;0,365776;38,5722;38,6198;38,5082;38,7789;38,5082;38,7789;0,366375;0,997076;0,997662;0,996729;0,999182;0,996729;0,999182;0,133057
aarch64;wh-ttas;zipfian;0,990000;4;65536;1000;500;4096;50;25;25;3;2,11805e+07;2,07464e+07;1,98326e+07;2,12261e+07;1,98326e+07;2,12261e+07;3,81603;47,2132;48,249;47,1119;50,422;47,1119;50,422;3,90169;0,978078;0,977847;0,974475;0,980989;0,974475;0,980989;0,333704
aarch64;wh-ttas;zipfian;0,990000;4;65536;1000;500;4096;90;5;5;3;3,1232e+07;3,14592e+07;3,1191e+07;3,19547e+07;3,1191e+07;3,19547e+07;1,36562;32,0185;31,7911;31,2943;32,0606;31,2943;32,0606;1,35504;0,982856;0,983029;0,982383;0,983849;0,982383;0,983849;0,076113
aarch64;wh-ttas;zipfian;0,990000;4;65536;100000;50000;4096;50;25;25;3;3,14892e+07;3,15096e+07;3,13888e+07;3,16509e+07;3,13888e+07;3,16509e+07;0,419589;31,7569;31,7367;31,5947;31,8585;31,5947;31,8585;0,419196;0,972023;0,972615;0,971829;0,973992;0,971829;0,973992;0,123044
aarch64;wh-ttas;zipfian;0,990000;4;65536;100000;50000;4096;90;5;5;3;4,51325e+07;4,51353e+07;4,50309e+07;4,52425e+07;4,50309e+07;4,52425e+07;0,234404;22,157;22,1557;22,1031;22,207;22,1031;22,207;0,234383;0,982473;0,982582;0,981914;0,98336;0,981914;0,98336;0,0742099
aarch64;wh-ttas;zipfian;0,990000;8;65536;1000;500;4096;50;25;25;3;1,29455e+07;1,29371e+07;1,22197e+07;1,3646e+07;1,22197e+07;1,3646e+07;5,51286;77,2471;77,4545;73,2814;81,8351;73,2814;81,8351;5,52661;0,938311;0,945652;0,93276;0,965886;0,93276;0,965886;1,87609
aarch64;wh-ttas;zipfian;0,990000;8;65536;1000;500;4096;90;5;5;3;1,67204e+07;1,60117e+07;1,45005e+07;1,68141e+07;1,45005e+07;1,68141e+07;8,17883;59,8072;62,7481;59,4738;68,9633;59,4738;68,9633;8,58205;0,968849;0,964724;0,94971;0,975614;0,94971;0,975614;1,39268
aarch64;wh-ttas;zipfian;0,990000;8;65536;100000;50000;4096;50;25;25;3;5,37588e+07;5,37835e+07;5,36548e+07;5,3937e+07;5,36548e+07;5,3937e+07;0,265305;18,6016;18,5931;18,5402;18,6377;18,5402;18,6377;0,265129;0,965902;0,964888;0,961028;0,967735;0,961028;0,967735;0,359264
aarch64;wh-ttas;zipfian;0,990000;8;65536;100000;50000;4096;90;5;5;3;7,89434e+07;7,89471e+07;7,81732e+07;7,97247e+07;7,81732e+07;7,97247e+07;0,982619;12,6673;12,6675;12,5432;12,7921;12,5432;12,7921;0,982601;0,978551;0,978484;0,978325;0,978577;0,978325;0,978577;0,0141645
aarch64;wh-ttas;zipfian;1,200000;1;65536;1000;500;4096;90;5;5;3;1,9656e+07;1,96555e+07;1,96308e+07;1,96797e+07;1,96308e+07;1,96797e+07;0,124297;50,8751;50,8764;50,8139;50,9403;50,8139;50,9403;0,124301;1;1;1;1;1;1;0
aarch64;wh-ttas;zipfian;1,200000;1;65536;100000;50000;4096;90;5;5;3;1,83561e+07;1,83364e+07;1,82771e+07;1,8376e+07;1,82771e+07;1,8376e+07;0,285502;54,4777;54,5366;54,4187;54,7134;54,4187;54,7134;0,285897;1;1;1;1;1;1;0
aarch64;wh-ttas;zipfian;1,200000;2;65536;1000;500;4096;90;5;5;3;2,29814e+07;2,28915e+07;2,26968e+07;2,29964e+07;2,26968e+07;2,29964e+07;0,737653;43,5134;43,6858;43,485;44,0592;43,485;44,0592;0,74078;0,995201;0,99598;0,994659;0,998079;0,994659;0,998079;0,184558
aarch64;wh-ttas;zipfian;1,200000;2;65536;100000;50000;4096;90;5;5;3;2,53563e+07;2,53656e+07;2,52302e+07;2,55102e+07;2,52302e+07;2,55102e+07;0,5527;39,438;39,4243;39,2001;39,635;39,2001;39,635;0,552406;0,991834;0,992319;0,991713;0,993411;0,991713;0,993411;0,0954677
aarch64;wh-ttas;zipfian;1,200000;4;65536;1000;500;4096;90;5;5;3;2,5697e+07;2,55787e+07;2,53401e+07;2,56989e+07;2,53401e+07;2,56989e+07;0,807838;38,915;39,0968;38,9122;39,4632;38,9122;39,4632;0,811623;0,995542;0,99337;0,988877;0,99569;0,988877;0,99569;0,391744
aarch64;wh-ttas;zipfian;1,200000;4;65536;100000;50000;4096;90;5;5;3;4,07827e+07;4,09477e+07;4,06643e+07;4,1396e+07;4,06643e+07;4,1396e+07;0,959228;24,5202;24,4229;24,1569;24,5916;24,1569;24,5916;0,954487;0,991071;0,991439;0,99104;0,992207;0,99104;0,992207;0,0670741
aarch64;wh-ttas;zipfian;1,200000;8;65536;1000;500;4096;90;5;5;3;9,64145e+06;9,64062e+06;9,63833e+06;9,64206e+06;9,63833e+06;9,64206e+06;0,0207668;103,719;103,728;103,712;103,752;103,712;103,752;0,0207647;0,922119;0,925404;0,915885;0,938207;0,915885;0,938207;1,24462
aarch64;wh-ttas;zipfian;1,200000;8;65536;100000;50000;4096;90;5;5;3;2,52206e+07;2,54046e+07;2,44725e+07;2,65206e+07;2,44725e+07;2,65206e+07;4,07931;39,65;39,4063;37,7066;40,8622;37,7066;40,8622;4,03956;0,944117;0,937713;0,918879;0,950144;0,918879;0,950144;1,76888
aarch64;wh-ttas;zipfian;1,500000;1;65536;1000;500;4096;90;5;5;3;2,00013e+07;1,99783e+07;1,98384e+07;2,00951e+07;1,98384e+07;2,00951e+07;0,650126;49,9968;50,0558;49,7634;50,4073;49,7634;50,4073;0,651227;1;1;1;1;1;1;0
aarch64;wh-ttas;zipfian;1,500000;1;65536;100000;50000;4096;90;5;5;3;1,90714e+07;1,90651e+07;1,90445e+07;1,90795e+07;1,90445e+07;1,90795e+07;0,0960774;52,4345;52,4518;52,4123;52,5086;52,4123;52,5086;0,0961192;1;1;1;1;1;1;0
aarch64;wh-ttas;zipfian;1,500000;2;65536;1000;500;4096;90;5;5;3;2,29908e+07;2,30428e+07;2,28094e+07;2,33283e+07;2,28094e+07;2,33283e+07;1,14289;43,4957;43,4012;42,8663;43,8416;42,8663;43,8416;1,13924;0,996009;0,996427;0,995376;0,997897;0,995376;0,997897;0,131623
aarch64;wh-ttas;zipfian;1,500000;2;65536;100000;50000;4096;90;5;5;3;2,46079e+07;2,44911e+07;2,40617e+07;2,48038e+07;2,40617e+07;2,48038e+07;1,57017;40,6374;40,8379;40,3164;41,5598;40,3164;41,5598;1,58053;0,990525;0,98935;0,986171;0,991353;0,986171;0,991353;0,281373
aarch64;wh-ttas;zipfian;1,500000;4;65536;1000;500;4096;90;5;5;3;2,1307e+07;2,12524e+07;2,06732e+07;2,1777e+07;2,06732e+07;2,1777e+07;2,60635;46,933;47,0749;45,92;48,3718;45,92;48,3718;2,61716;0,968355;0,967755;0,95906;0,975851;0,95906;0,975851;0,869181
aarch64;wh-ttas;zipfian;1,500000;4;65536;100000;50000;4096;90;5;5;3;2,74371e+07;2,71903e+07;2,66073e+07;2,75265e+07;2,66073e+07;2,75265e+07;1,86411;36,447;36,7864;36,3287;37,5837;36,3287;37,5837;1,8837;0,978588;0,977533;0,973095;0,980916;0,973095;0,980916;0,410811
aarch64;wh-ttas;zipfian;1,500000;8;65536;1000;500;4096;90;5;5;3;7,31893e+06;7,29819e+06;6,88764e+06;7,688e+06;6,88764e+06;7,688e+06;5,48882;136,632;137,298;130,073;145,188;130,073;145,188;5,52039;0,938542;0,93661;0,918492;0,952796;0,918492;0,952796;1,83998
aarch64;wh-ttas;zipfian;1,500000;8;65536;100000;50000;4096;90;5;5;3;9,82909e+06;9,78443e+06;9,64764e+06;9,87657e+06;9,64764e+06;9,87657e+06;1,23486;101,739;102,214;101,25;103,652;101,25;103,652;1,24223;0,941465;0,942387;0,939956;0,94574;0,939956;0,94574;0,318362
