arch;lock;dist;zipf_theta;threads;buckets;key_range;read_pct;insert_pct;delete_pct;n;ops_s_median;ops_s_mean;ops_s_p25;ops_s_p75;ops_s_min;ops_s_max;ops_s_cov_pct;ns_op_median;ns_op_mean;ns_op_p25;ns_op_p75;ns_op_min;ns_op_max;ns_op_cov_pct;fairness_ratio_median;fairness_ratio_mean;fairness_ratio_p25;fairness_ratio_p75;fairness_ratio_min;fairness_ratio_max;fairness_ratio_cov_pct
arm64;wh-cas;uniform;0,990000;1;65536;100000;95;2;3;1;1,82576e+07;1,82576e+07;1,82576e+07;1,82576e+07;1,82576e+07;1,82576e+07;;54,7716;54,7716;54,7716;54,7716;54,7716;54,7716;;1;1;1;1;1;1;
arm64;wh-cas;uniform;0,990000;11;65536;100000;95;2;3;1;7,50206e+07;7,50206e+07;7,50206e+07;7,50206e+07;7,50206e+07;7,50206e+07;;13,3297;13,3297;13,3297;13,3297;13,3297;13,3297;;0,791157;0,791157;0,791157;0,791157;0,791157;0,791157;
arm64;wh-cas;uniform;0,990000;2;65536;100000;95;2;3;1;2,87957e+07;2,87957e+07;2,87957e+07;2,87957e+07;2,87957e+07;2,87957e+07;;34,7274;34,7274;34,7274;34,7274;34,7274;34,7274;;0,999234;0,999234;0,999234;0,999234;0,999234;0,999234;
arm64;wh-cas;uniform;0,990000;4;65536;100000;95;2;3;1;5,86221e+07;5,86221e+07;5,86221e+07;5,86221e+07;5,86221e+07;5,86221e+07;;17,0584;17,0584;17,0584;17,0584;17,0584;17,0584;;0,826178;0,826178;0,826178;0,826178;0,826178;0,826178;
arm64;wh-cas;uniform;0,990000;8;65536;100000;95;2;3;1;6,49103e+07;6,49103e+07;6,49103e+07;6,49103e+07;6,49103e+07;6,49103e+07;;15,4059;15,4059;15,4059;15,4059;15,4059;15,4059;;0,609012;0,609012;0,609012;0,609012;0,609012;0,609012;
arm64;wh-cas;zipfian;0,990000;1;65536;1000;50;25;25;1;1,08068e+07;1,08068e+07;1,08068e+07;1,08068e+07;1,08068e+07;1,08068e+07;;92,5347;92,5347;92,5347;92,5347;92,5347;92,5347;;1;1;1;1;1;1;
arm64;wh-cas;zipfian;0,990000;1;65536;1000;95;2;3;1;1,30851e+07;1,30851e+07;1,30851e+07;1,30851e+07;1,30851e+07;1,30851e+07;;76,4228;76,4228;76,4228;76,4228;76,4228;76,4228;;1;1;1;1;1;1;
arm64;wh-cas;zipfian;0,990000;1;65536;100000;50;25;25;1;6,50789e+06;6,50789e+06;6,50789e+06;6,50789e+06;6,50789e+06;6,50789e+06;;153,66;153,66;153,66;153,66;153,66;153,66;;1;1;1;1;1;1;
arm64;wh-cas;zipfian;0,990000;1;65536;100000;95;2;3;1;1,14233e+07;1,14233e+07;1,14233e+07;1,14233e+07;1,14233e+07;1,14233e+07;;87,54;87,54;87,54;87,54;87,54;87,54;;1;1;1;1;1;1;
arm64;wh-cas;zipfian;0,990000;11;65536;1000;50;25;25;1;8,86627e+06;8,86627e+06;8,86627e+06;8,86627e+06;8,86627e+06;8,86627e+06;;112,787;112,787;112,787;112,787;112,787;112,787;;0,959219;0,959219;0,959219;0,959219;0,959219;0,959219;
arm64;wh-cas;zipfian;0,990000;11;65536;1000;95;2;3;1;8,13865e+06;8,13865e+06;8,13865e+06;8,13865e+06;8,13865e+06;8,13865e+06;;122,87;122,87;122,87;122,87;122,87;122,87;;0,936571;0,936571;0,936571;0,936571;0,936571;0,936571;
arm64;wh-cas;zipfian;0,990000;11;65536;100000;50;25;25;1;2,01868e+07;2,01868e+07;2,01868e+07;2,01868e+07;2,01868e+07;2,01868e+07;;49,5374;49,5374;49,5374;49,5374;49,5374;49,5374;;0,967369;0,967369;0,967369;0,967369;0,967369;0,967369;
arm64;wh-cas;zipfian;0,990000;11;65536;100000;95;2;3;1;5,71499e+07;5,71499e+07;5,71499e+07;5,71499e+07;5,71499e+07;5,71499e+07;;17,4979;17,4979;17,4979;17,4979;17,4979;17,4979;;0,888943;0,888943;0,888943;0,888943;0,888943;0,888943;
arm64;wh-cas;zipfian;0,990000;2;65536;1000;50;25;25;1;1,83554e+07;1,83554e+07;1,83554e+07;1,83554e+07;1,83554e+07;1,83554e+07;;54,48;54,48;54,48;54,48;54,48;54,48;;0,996148;0,996148;0,996148;0,996148;0,996148;0,996148;
arm64;wh-cas;zipfian;0,990000;2;65536;1000;95;2;3;1;2,40786e+07;2,40786e+07;2,40786e+07;2,40786e+07;2,40786e+07;2,40786e+07;;41,5307;41,5307;41,5307;41,5307;41,5307;41,5307;;0,99919;0,99919;0,99919;0,99919;0,99919;0,99919;
arm64;wh-cas;zipfian;0,990000;2;65536;100000;50;25;25;1;1,11389e+07;1,11389e+07;1,11389e+07;1,11389e+07;1,11389e+07;1,11389e+07;;89,7752;89,7752;89,7752;89,7752;89,7752;89,7752;;0,999042;0,999042;0,999042;0,999042;0,999042;0,999042;
arm64;wh-cas;zipfian;0,990000;2;65536;100000;95;2;3;1;2,15076e+07;2,15076e+07;2,15076e+07;2,15076e+07;2,15076e+07;2,15076e+07;;46,4951;46,4951;46,4951;46,4951;46,4951;46,4951;;0,999327;0,999327;0,999327;0,999327;0,999327;0,999327;
arm64;wh-cas;zipfian;0,990000;4;65536;1000;50;25;25;1;2,88926e+07;2,88926e+07;2,88926e+07;2,88926e+07;2,88926e+07;2,88926e+07;;34,611;34,611;34,611;34,611;34,611;34,611;;0,996947;0,996947;0,996947;0,996947;0,996947;0,996947;
arm64;wh-cas;zipfian;0,990000;4;65536;1000;95;2;3;1;3,73674e+07;3,73674e+07;3,73674e+07;3,73674e+07;3,73674e+07;3,73674e+07;;26,7613;26,7613;26,7613;26,7613;26,7613;26,7613;;0,984442;0,984442;0,984442;0,984442;0,984442;0,984442;
arm64;wh-cas;zipfian;0,990000;4;65536;100000;50;25;25;1;1,88767e+07;1,88767e+07;1,88767e+07;1,88767e+07;1,88767e+07;1,88767e+07;;52,9753;52,9753;52,9753;52,9753;52,9753;52,9753;;0,975722;0,975722;0,975722;0,975722;0,975722;0,975722;
arm64;wh-cas;zipfian;0,990000;4;65536;100000;95;2;3;1;4,17943e+07;4,17943e+07;4,17943e+07;4,17943e+07;4,17943e+07;4,17943e+07;;23,9267;23,9267;23,9267;23,9267;23,9267;23,9267;;0,951441;0,951441;0,951441;0,951441;0,951441;0,951441;
arm64;wh-cas;zipfian;0,990000;8;65536;1000;50;25;25;1;1,52447e+07;1,52447e+07;1,52447e+07;1,52447e+07;1,52447e+07;1,52447e+07;;65,5965;65,5965;65,5965;65,5965;65,5965;65,5965;;0,995709;0,995709;0,995709;0,995709;0,995709;0,995709;
arm64;wh-cas;zipfian;0,990000;8;65536;1000;95;2;3;1;1,43813e+07;1,43813e+07;1,43813e+07;1,43813e+07;1,43813e+07;1,43813e+07;;69,535;69,535;69,535;69,535;69,535;69,535;;0,974674;0,974674;0,974674;0,974674;0,974674;0,974674;
arm64;wh-cas;zipfian;0,990000;8;65536;100000;50;25;25;1;1,90147e+07;1,90147e+07;1,90147e+07;1,90147e+07;1,90147e+07;1,90147e+07;;52,5909;52,5909;52,5909;52,5909;52,5909;52,5909;;0,921678;0,921678;0,921678;0,921678;0,921678;0,921678;
arm64;wh-cas;zipfian;0,990000;8;65536;100000;95;2;3;1;5,47615e+07;5,47615e+07;5,47615e+07;5,47615e+07;5,47615e+07;5,47615e+07;;18,261;18,261;18,261;18,261;18,261;18,261;;0,893991;0,893991;0,893991;0,893991;0,893991;0,893991;
arm64;wh-cas;zipfian;1,200000;1;65536;1000;95;2;3;1;1,32563e+07;1,32563e+07;1,32563e+07;1,32563e+07;1,32563e+07;1,32563e+07;;75,4361;75,4361;75,4361;75,4361;75,4361;75,4361;;1;1;1;1;1;1;
arm64;wh-cas;zipfian;1,200000;11;65536;1000;95;2;3;1;6,69467e+06;6,69467e+06;6,69467e+06;6,69467e+06;6,69467e+06;6,69467e+06;;149,373;149,373;149,373;149,373;149,373;149,373;;0,91289;0,91289;0,91289;0,91289;0,91289;0,91289;
arm64;wh-cas;zipfian;1,200000;2;65536;1000;95;2;3;1;2,36447e+07;2,36447e+07;2,36447e+07;2,36447e+07;2,36447e+07;2,36447e+07;;42,2928;42,2928;42,2928;42,2928;42,2928;42,2928;;0,996852;0,996852;0,996852;0,996852;0,996852;0,996852;
arm64;wh-cas;zipfian;1,200000;4;65536;1000;95;2;3;1;3,54644e+07;3,54644e+07;3,54644e+07;3,54644e+07;3,54644e+07;3,54644e+07;;28,1973;28,1973;28,1973;28,1973;28,1973;28,1973;;0,99708;0,99708;0,99708;0,99708;0,99708;0,99708;
arm64;wh-cas;zipfian;1,200000;8;65536;1000;95;2;3;1;1,13728e+07;1,13728e+07;1,13728e+07;1,13728e+07;1,13728e+07;1,13728e+07;;87,9291;87,9291;87,9291;87,9291;87,9291;87,9291;;0,965439;0,965439;0,965439;0,965439;0,965439;0,965439;
arm64;wh-default;uniform;0,990000;1;65536;100000;95;2;3;1;1,67074e+07;1,67074e+07;1,67074e+07;1,67074e+07;1,67074e+07;1,67074e+07;;59,8538;59,8538;59,8538;59,8538;59,8538;59,8538;;1;1;1;1;1;1;
arm64;wh-default;uniform;0,990000;11;65536;100000;95;2;3;1;7,73777e+07;7,73777e+07;7,73777e+07;7,73777e+07;7,73777e+07;7,73777e+07;;12,9236;12,9236;12,9236;12,9236;12,9236;12,9236;;0,958461;0,958461;0,958461;0,958461;0,958461;0,958461;
arm64;wh-default;uniform;0,990000;2;65536;100000;95;2;3;1;3,13199e+07;3,13199e+07;3,13199e+07;3,13199e+07;3,13199e+07;3,13199e+07;;31,9286;31,9286;31,9286;31,9286;31,9286;31,9286;;0,995338;0,995338;0,995338;0,995338;0,995338;0,995338;
arm64;wh-default;uniform;0,990000;4;65536;100000;95;2;3;1;5,99403e+07;5,99403e+07;5,99403e+07;5,99403e+07;5,99403e+07;5,99403e+07;;16,6833;16,6833;16,6833;16,6833;16,6833;16,6833;;0,99577;0,99577;0,99577;0,99577;0,99577;0,99577;
arm64;wh-default;uniform;0,990000;8;65536;100000;95;2;3;1;6,79176e+07;6,79176e+07;6,79176e+07;6,79176e+07;6,79176e+07;6,79176e+07;;14,7237;14,7237;14,7237;14,7237;14,7237;14,7237;;0,792898;0,792898;0,792898;0,792898;0,792898;0,792898;
arm64;wh-default;zipfian;0,990000;1;65536;1000;50;25;25;1;1,07468e+07;1,07468e+07;1,07468e+07;1,07468e+07;1,07468e+07;1,07468e+07;;93,0507;93,0507;93,0507;93,0507;93,0507;93,0507;;1;1;1;1;1;1;
arm64;wh-default;zipfian;0,990000;1;65536;1000;95;2;3;1;1,27597e+07;1,27597e+07;1,27597e+07;1,27597e+07;1,27597e+07;1,27597e+07;;78,3716;78,3716;78,3716;78,3716;78,3716;78,3716;;1;1;1;1;1;1;
arm64;wh-default;zipfian;0,990000;1;65536;100000;50;25;25;1;6,41636e+06;6,41636e+06;6,41636e+06;6,41636e+06;6,41636e+06;6,41636e+06;;155,852;155,852;155,852;155,852;155,852;155,852;;1;1;1;1;1;1;
arm64;wh-default;zipfian;0,990000;1;65536;100000;95;2;3;1;1,15252e+07;1,15252e+07;1,15252e+07;1,15252e+07;1,15252e+07;1,15252e+07;;86,7662;86,7662;86,7662;86,7662;86,7662;86,7662;;1;1;1;1;1;1;
arm64;wh-default;zipfian;0,990000;11;65536;1000;50;25;25;1;1,23176e+07;1,23176e+07;1,23176e+07;1,23176e+07;1,23176e+07;1,23176e+07;;81,1843;81,1843;81,1843;81,1843;81,1843;81,1843;;0,933446;0,933446;0,933446;0,933446;0,933446;0,933446;
arm64;wh-default;zipfian;0,990000;11;65536;1000;95;2;3;1;2,07909e+07;2,07909e+07;2,07909e+07;2,07909e+07;2,07909e+07;2,07909e+07;;48,0979;48,0979;48,0979;48,0979;48,0979;48,0979;;0,921423;0,921423;0,921423;0,921423;0,921423;0,921423;
arm64;wh-default;zipfian;0,990000;11;65536;100000;50;25;25;1;1,93654e+07;1,93654e+07;1,93654e+07;1,93654e+07;1,93654e+07;1,93654e+07;;51,6385;51,6385;51,6385;51,6385;51,6385;51,6385;;0,946406;0,946406;0,946406;0,946406;0,946406;0,946406;
arm64;wh-default;zipfian;0,990000;11;65536;100000;95;2;3;1;5,8133e+07;5,8133e+07;5,8133e+07;5,8133e+07;5,8133e+07;5,8133e+07;;17,2019;17,2019;17,2019;17,2019;17,2019;17,2019;;0,855487;0,855487;0,855487;0,855487;0,855487;0,855487;
arm64;wh-default;zipfian;0,990000;2;65536;1000;50;25;25;1;1,80824e+07;1,80824e+07;1,80824e+07;1,80824e+07;1,80824e+07;1,80824e+07;;55,3024;55,3024;55,3024;55,3024;55,3024;55,3024;;0,999799;0,999799;0,999799;0,999799;0,999799;0,999799;
arm64;wh-default;zipfian;0,990000;2;65536;1000;95;2;3;1;2,33176e+07;2,33176e+07;2,33176e+07;2,33176e+07;2,33176e+07;2,33176e+07;;42,8861;42,8861;42,8861;42,8861;42,8861;42,8861;;0,997379;0,997379;0,997379;0,997379;0,997379;0,997379;
arm64;wh-default;zipfian;0,990000;2;65536;100000;50;25;25;1;1,10459e+07;1,10459e+07;1,10459e+07;1,10459e+07;1,10459e+07;1,10459e+07;;90,5312;90,5312;90,5312;90,5312;90,5312;90,5312;;0,997466;0,997466;0,997466;0,997466;0,997466;0,997466;
arm64;wh-default;zipfian;0,990000;2;65536;100000;95;2;3;1;2,21521e+07;2,21521e+07;2,21521e+07;2,21521e+07;2,21521e+07;2,21521e+07;;45,1425;45,1425;45,1425;45,1425;45,1425;45,1425;;0,998172;0,998172;0,998172;0,998172;0,998172;0,998172;
arm64;wh-default;zipfian;0,990000;4;65536;1000;50;25;25;1;2,89616e+07;2,89616e+07;2,89616e+07;2,89616e+07;2,89616e+07;2,89616e+07;;34,5284;34,5284;34,5284;34,5284;34,5284;34,5284;;0,996842;0,996842;0,996842;0,996842;0,996842;0,996842;
arm64;wh-default;zipfian;0,990000;4;65536;1000;95;2;3;1;3,83201e+07;3,83201e+07;3,83201e+07;3,83201e+07;3,83201e+07;3,83201e+07;;26,096;26,096;26,096;26,096;26,096;26,096;;0,997841;0,997841;0,997841;0,997841;0,997841;0,997841;
arm64;wh-default;zipfian;0,990000;4;65536;100000;50;25;25;1;1,81093e+07;1,81093e+07;1,81093e+07;1,81093e+07;1,81093e+07;1,81093e+07;;55,2201;55,2201;55,2201;55,2201;55,2201;55,2201;;0,971416;0,971416;0,971416;0,971416;0,971416;0,971416;
arm64;wh-default;zipfian;0,990000;4;65536;100000;95;2;3;1;4,06548e+07;4,06548e+07;4,06548e+07;4,06548e+07;4,06548e+07;4,06548e+07;;24,5973;24,5973;24,5973;24,5973;24,5973;24,5973;;0,901869;0,901869;0,901869;0,901869;0,901869;0,901869;
arm64;wh-default;zipfian;0,990000;8;65536;1000;50;25;25;1;1,60189e+07;1,60189e+07;1,60189e+07;1,60189e+07;1,60189e+07;1,60189e+07;;62,4262;62,4262;62,4262;62,4262;62,4262;62,4262;;0,993709;0,993709;0,993709;0,993709;0,993709;0,993709;
arm64;wh-default;zipfian;0,990000;8;65536;1000;95;2;3;1;2,54176e+07;2,54176e+07;2,54176e+07;2,54176e+07;2,54176e+07;2,54176e+07;;39,3429;39,3429;39,3429;39,3429;39,3429;39,3429;;0,940435;0,940435;0,940435;0,940435;0,940435;0,940435;
arm64;wh-default;zipfian;0,990000;8;65536;100000;50;25;25;1;1,88105e+07;1,88105e+07;1,88105e+07;1,88105e+07;1,88105e+07;1,88105e+07;;53,1619;53,1619;53,1619;53,1619;53,1619;53,1619;;0,962005;0,962005;0,962005;0,962005;0,962005;0,962005;
arm64;wh-default;zipfian;0,990000;8;65536;100000;95;2;3;1;5,4169e+07;5,4169e+07;5,4169e+07;5,4169e+07;5,4169e+07;5,4169e+07;;18,4607;18,4607;18,4607;18,4607;18,4607;18,4607;;0,866337;0,866337;0,866337;0,866337;0,866337;0,866337;
arm64;wh-default;zipfian;1,200000;1;65536;1000;95;2;3;1;1,38355e+07;1,38355e+07;1,38355e+07;1,38355e+07;1,38355e+07;1,38355e+07;;72,2779;72,2779;72,2779;72,2779;72,2779;72,2779;;1;1;1;1;1;1;
arm64;wh-default;zipfian;1,200000;11;65536;1000;95;2;3;1;1,61215e+07;1,61215e+07;1,61215e+07;1,61215e+07;1,61215e+07;1,61215e+07;;62,0291;62,0291;62,0291;62,0291;62,0291;62,0291;;0,883166;0,883166;0,883166;0,883166;0,883166;0,883166;
arm64;wh-default;zipfian;1,200000;2;65536;1000;95;2;3;1;2,42565e+07;2,42565e+07;2,42565e+07;2,42565e+07;2,42565e+07;2,42565e+07;;41,226;41,226;41,226;41,226;41,226;41,226;;0,997154;0,997154;0,997154;0,997154;0,997154;0,997154;
arm64;wh-default;zipfian;1,200000;4;65536;1000;95;2;3;1;3,7479e+07;3,7479e+07;3,7479e+07;3,7479e+07;3,7479e+07;3,7479e+07;;26,6816;26,6816;26,6816;26,6816;26,6816;26,6816;;0,994716;0,994716;0,994716;0,994716;0,994716;0,994716;
arm64;wh-default;zipfian;1,200000;8;65536;1000;95;2;3;1;2,10923e+07;2,10923e+07;2,10923e+07;2,10923e+07;2,10923e+07;2,10923e+07;;47,4106;47,4106;47,4106;47,4106;47,4106;47,4106;;0,939595;0,939595;0,939595;0,939595;0,939595;0,939595;
arm64;wh-occ;uniform;0,990000;1;65536;100000;95;2;3;1;1,81104e+07;1,81104e+07;1,81104e+07;1,81104e+07;1,81104e+07;1,81104e+07;;55,2168;55,2168;55,2168;55,2168;55,2168;55,2168;;1;1;1;1;1;1;
arm64;wh-occ;uniform;0,990000;11;65536;100000;95;2;3;1;7,16802e+07;7,16802e+07;7,16802e+07;7,16802e+07;7,16802e+07;7,16802e+07;;13,9508;13,9508;13,9508;13,9508;13,9508;13,9508;;0,806236;0,806236;0,806236;0,806236;0,806236;0,806236;
arm64;wh-occ;uniform;0,990000;2;65536;100000;95;2;3;1;2,87929e+07;2,87929e+07;2,87929e+07;2,87929e+07;2,87929e+07;2,87929e+07;;34,7308;34,7308;34,7308;34,7308;34,7308;34,7308;;0,999376;0,999376;0,999376;0,999376;0,999376;0,999376;
arm64;wh-occ;uniform;0,990000;4;65536;100000;95;2;3;1;5,80662e+07;5,80662e+07;5,80662e+07;5,80662e+07;5,80662e+07;5,80662e+07;;17,2217;17,2217;17,2217;17,2217;17,2217;17,2217;;0,846258;0,846258;0,846258;0,846258;0,846258;0,846258;
arm64;wh-occ;uniform;0,990000;8;65536;100000;95;2;3;1;6,39845e+07;6,39845e+07;6,39845e+07;6,39845e+07;6,39845e+07;6,39845e+07;;15,6288;15,6288;15,6288;15,6288;15,6288;15,6288;;0,615036;0,615036;0,615036;0,615036;0,615036;0,615036;
arm64;wh-occ;zipfian;0,990000;1;65536;1000;50;25;25;1;1,07968e+07;1,07968e+07;1,07968e+07;1,07968e+07;1,07968e+07;1,07968e+07;;92,6202;92,6202;92,6202;92,6202;92,6202;92,6202;;1;1;1;1;1;1;
arm64;wh-occ;zipfian;0,990000;1;65536;1000;95;2;3;1;1,32706e+07;1,32706e+07;1,32706e+07;1,32706e+07;1,32706e+07;1,32706e+07;;75,3545;75,3545;75,3545;75,3545;75,3545;75,3545;;1;1;1;1;1;1;
arm64;wh-occ;zipfian;0,990000;1;65536;100000;50;25;25;1;6,5028e+06;6,5028e+06;6,5028e+06;6,5028e+06;6,5028e+06;6,5028e+06;;153,78;153,78;153,78;153,78;153,78;153,78;;1;1;1;1;1;1;
arm64;wh-occ;zipfian;0,990000;1;65536;100000;95;2;3;1;1,14904e+07;1,14904e+07;1,14904e+07;1,14904e+07;1,14904e+07;1,14904e+07;;87,0294;87,0294;87,0294;87,0294;87,0294;87,0294;;1;1;1;1;1;1;
arm64;wh-occ;zipfian;0,990000;11;65536;1000;50;25;25;1;7,45063e+06;7,45063e+06;7,45063e+06;7,45063e+06;7,45063e+06;7,45063e+06;;134,217;134,217;134,217;134,217;134,217;134,217;;0,969446;0,969446;0,969446;0,969446;0,969446;0,969446;
arm64;wh-occ;zipfian;0,990000;11;65536;1000;95;2;3;1;7,14785e+06;7,14785e+06;7,14785e+06;7,14785e+06;7,14785e+06;7,14785e+06;;139,902;139,902;139,902;139,902;139,902;139,902;;0,948674;0,948674;0,948674;0,948674;0,948674;0,948674;
arm64;wh-occ;zipfian;0,990000;11;65536;100000;50;25;25;1;1,93959e+07;1,93959e+07;1,93959e+07;1,93959e+07;1,93959e+07;1,93959e+07;;51,5573;51,5573;51,5573;51,5573;51,5573;51,5573;;0,917768;0,917768;0,917768;0,917768;0,917768;0,917768;
arm64;wh-occ;zipfian;0,990000;11;65536;100000;95;2;3;1;5,83311e+07;5,83311e+07;5,83311e+07;5,83311e+07;5,83311e+07;5,83311e+07;;17,1435;17,1435;17,1435;17,1435;17,1435;17,1435;;0,886228;0,886228;0,886228;0,886228;0,886228;0,886228;
arm64;wh-occ;zipfian;0,990000;2;65536;1000;50;25;25;1;1,85614e+07;1,85614e+07;1,85614e+07;1,85614e+07;1,85614e+07;1,85614e+07;;53,8752;53,8752;53,8752;53,8752;53,8752;53,8752;;0,998128;0,998128;0,998128;0,998128;0,998128;0,998128;
arm64;wh-occ;zipfian;0,990000;2;65536;1000;95;2;3;1;2,36602e+07;2,36602e+07;2,36602e+07;2,36602e+07;2,36602e+07;2,36602e+07;;42,265;42,265;42,265;42,265;42,265;42,265;;0,999213;0,999213;0,999213;0,999213;0,999213;0,999213;
arm64;wh-occ;zipfian;0,990000;2;65536;100000;50;25;25;1;1,10962e+07;1,10962e+07;1,10962e+07;1,10962e+07;1,10962e+07;1,10962e+07;;90,1213;90,1213;90,1213;90,1213;90,1213;90,1213;;0,995048;0,995048;0,995048;0,995048;0,995048;0,995048;
arm64;wh-occ;zipfian;0,990000;2;65536;100000;95;2;3;1;2,12152e+07;2,12152e+07;2,12152e+07;2,12152e+07;2,12152e+07;2,12152e+07;;47,1359;47,1359;47,1359;47,1359;47,1359;47,1359;;0,998987;0,998987;0,998987;0,998987;0,998987;0,998987;
arm64;wh-occ;zipfian;0,990000;4;65536;1000;50;25;25;1;2,93223e+07;2,93223e+07;2,93223e+07;2,93223e+07;2,93223e+07;2,93223e+07;;34,1037;34,1037;34,1037;34,1037;34,1037;34,1037;;0,983622;0,983622;0,983622;0,983622;0,983622;0,983622;
arm64;wh-occ;zipfian;0,990000;4;65536;1000;95;2;3;1;3,60414e+07;3,60414e+07;3,60414e+07;3,60414e+07;3,60414e+07;3,60414e+07;;27,7458;27,7458;27,7458;27,7458;27,7458;27,7458;;0,982556;0,982556;0,982556;0,982556;0,982556;0,982556;
arm64;wh-occ;zipfian;0,990000;4;65536;100000;50;25;25;1;1,8626e+07;1,8626e+07;1,8626e+07;1,8626e+07;1,8626e+07;1,8626e+07;;53,6884;53,6884;53,6884;53,6884;53,6884;53,6884;;0,973124;0,973124;0,973124;0,973124;0,973124;0,973124;
arm64;wh-occ;zipfian;0,990000;4;65536;100000;95;2;3;1;4,12967e+07;4,12967e+07;4,12967e+07;4,12967e+07;4,12967e+07;4,12967e+07;;24,215;24,215;24,215;24,215;24,215;24,215;;0,960314;0,960314;0,960314;0,960314;0,960314;0,960314;
arm64;wh-occ;zipfian;0,990000;8;65536;1000;50;25;25;1;1,35623e+07;1,35623e+07;1,35623e+07;1,35623e+07;1,35623e+07;1,35623e+07;;73,734;73,734;73,734;73,734;73,734;73,734;;0,993487;0,993487;0,993487;0,993487;0,993487;0,993487;
arm64;wh-occ;zipfian;0,990000;8;65536;1000;95;2;3;1;1,26749e+07;1,26749e+07;1,26749e+07;1,26749e+07;1,26749e+07;1,26749e+07;;78,8961;78,8961;78,8961;78,8961;78,8961;78,8961;;0,977888;0,977888;0,977888;0,977888;0,977888;0,977888;
arm64;wh-occ;zipfian;0,990000;8;65536;100000;50;25;25;1;1,8983e+07;1,8983e+07;1,8983e+07;1,8983e+07;1,8983e+07;1,8983e+07;;52,6786;52,6786;52,6786;52,6786;52,6786;52,6786;;0,955496;0,955496;0,955496;0,955496;0,955496;0,955496;
arm64;wh-occ;zipfian;0,990000;8;65536;100000;95;2;3;1;5,11244e+07;5,11244e+07;5,11244e+07;5,11244e+07;5,11244e+07;5,11244e+07;;19,5601;19,5601;19,5601;19,5601;19,5601;19,5601;;0,889453;0,889453;0,889453;0,889453;0,889453;0,889453;
arm64;wh-occ;zipfian;1,200000;1;65536;1000;95;2;3;1;1,35765e+07;1,35765e+07;1,35765e+07;1,35765e+07;1,35765e+07;1,35765e+07;;73,6566;73,6566;73,6566;73,6566;73,6566;73,6566;;1;1;1;1;1;1;
arm64;wh-occ;zipfian;1,200000;11;65536;1000;95;2;3;1;5,91752e+06;5,91752e+06;5,91752e+06;5,91752e+06;5,91752e+06;5,91752e+06;;168,99;168,99;168,99;168,99;168,99;168,99;;0,938123;0,938123;0,938123;0,938123;0,938123;0,938123;
arm64;wh-occ;zipfian;1,200000;2;65536;1000;95;2;3;1;2,3353e+07;2,3353e+07;2,3353e+07;2,3353e+07;2,3353e+07;2,3353e+07;;42,8211;42,8211;42,8211;42,8211;42,8211;42,8211;;0,99743;0,99743;0,99743;0,99743;0,99743;0,99743;
arm64;wh-occ;zipfian;1,200000;4;65536;1000;95;2;3;1;3,36412e+07;3,36412e+07;3,36412e+07;3,36412e+07;3,36412e+07;3,36412e+07;;29,7254;29,7254;29,7254;29,7254;29,7254;29,7254;;0,996371;0,996371;0,996371;0,996371;0,996371;0,996371;
arm64;wh-occ;zipfian;1,200000;8;65536;1000;95;2;3;1;1,0029e+07;1,0029e+07;1,0029e+07;1,0029e+07;1,0029e+07;1,0029e+07;;99,7112;99,7112;99,7112;99,7112;99,7112;99,7112;;0,959083;0,959083;0,959083;0,959083;0,959083;0,959083;
arm64;wh-occ-opt;uniform;0,990000;1;65536;100000;95;2;3;1;1,88424e+07;1,88424e+07;1,88424e+07;1,88424e+07;1,88424e+07;1,88424e+07;;53,0719;53,0719;53,0719;53,0719;53,0719;53,0719;;1;1;1;1;1;1;
arm64;wh-occ-opt;uniform;0,990000;11;65536;100000;95;2;3;1;9,40676e+07;9,40676e+07;9,40676e+07;9,40676e+07;9,40676e+07;9,40676e+07;;10,6306;10,6306;10,6306;10,6306;10,6306;10,6306;;0,398726;0,398726;0,398726;0,398726;0,398726;0,398726;
arm64;wh-occ-opt;uniform;0,990000;2;65536;100000;95;2;3;1;3,54815e+07;3,54815e+07;3,54815e+07;3,54815e+07;3,54815e+07;3,54815e+07;;28,1837;28,1837;28,1837;28,1837;28,1837;28,1837;;0,99764;0,99764;0,99764;0,99764;0,99764;0,99764;
arm64;wh-occ-opt;uniform;0,990000;4;65536;100000;95;2;3;1;6,88752e+07;6,88752e+07;6,88752e+07;6,88752e+07;6,88752e+07;6,88752e+07;;14,519;14,519;14,519;14,519;14,519;14,519;;0,9983;0,9983;0,9983;0,9983;0,9983;0,9983;
arm64;wh-occ-opt;uniform;0,990000;8;65536;100000;95;2;3;1;8,52973e+07;8,52973e+07;8,52973e+07;8,52973e+07;8,52973e+07;8,52973e+07;;11,7237;11,7237;11,7237;11,7237;11,7237;11,7237;;0,69873;0,69873;0,69873;0,69873;0,69873;0,69873;
arm64;wh-occ-opt;zipfian;0,990000;1;65536;1000;50;25;25;1;1,07095e+07;1,07095e+07;1,07095e+07;1,07095e+07;1,07095e+07;1,07095e+07;;93,3747;93,3747;93,3747;93,3747;93,3747;93,3747;;1;1;1;1;1;1;
arm64;wh-occ-opt;zipfian;0,990000;1;65536;1000;95;2;3;1;1,23225e+07;1,23225e+07;1,23225e+07;1,23225e+07;1,23225e+07;1,23225e+07;;81,1526;81,1526;81,1526;81,1526;81,1526;81,1526;;1;1;1;1;1;1;
arm64;wh-occ-opt;zipfian;0,990000;1;65536;100000;50;25;25;1;9,72876e+06;9,72876e+06;9,72876e+06;9,72876e+06;9,72876e+06;9,72876e+06;;102,788;102,788;102,788;102,788;102,788;102,788;;1;1;1;1;1;1;
arm64;wh-occ-opt;zipfian;0,990000;1;65536;100000;95;2;3;1;1,21109e+07;1,21109e+07;1,21109e+07;1,21109e+07;1,21109e+07;1,21109e+07;;82,5702;82,5702;82,5702;82,5702;82,5702;82,5702;;1;1;1;1;1;1;
arm64;wh-occ-opt;zipfian;0,990000;11;65536;1000;50;25;25;1;1,53404e+07;1,53404e+07;1,53404e+07;1,53404e+07;1,53404e+07;1,53404e+07;;65,1874;65,1874;65,1874;65,1874;65,1874;65,1874;;0,953897;0,953897;0,953897;0,953897;0,953897;0,953897;
arm64;wh-occ-opt;zipfian;0,990000;11;65536;1000;95;2;3;1;7,28293e+07;7,28293e+07;7,28293e+07;7,28293e+07;7,28293e+07;7,28293e+07;;13,7307;13,7307;13,7307;13,7307;13,7307;13,7307;;0,843121;0,843121;0,843121;0,843121;0,843121;0,843121;
arm64;wh-occ-opt;zipfian;0,990000;11;65536;100000;50;25;25;1;4,91909e+07;4,91909e+07;4,91909e+07;4,91909e+07;4,91909e+07;4,91909e+07;;20,329;20,329;20,329;20,329;20,329;20,329;;0,983817;0,983817;0,983817;0,983817;0,983817;0,983817;
arm64;wh-occ-opt;zipfian;0,990000;11;65536;100000;95;2;3;1;8,40221e+07;8,40221e+07;8,40221e+07;8,40221e+07;8,40221e+07;8,40221e+07;;11,9016;11,9016;11,9016;11,9016;11,9016;11,9016;;0,813973;0,813973;0,813973;0,813973;0,813973;0,813973;
arm64;wh-occ-opt;zipfian;0,990000;2;65536;1000;50;25;25;1;1,9315e+07;1,9315e+07;1,9315e+07;1,9315e+07;1,9315e+07;1,9315e+07;;51,7732;51,7732;51,7732;51,7732;51,7732;51,7732;;0,998381;0,998381;0,998381;0,998381;0,998381;0,998381;
arm64;wh-occ-opt;zipfian;0,990000;2;65536;1000;95;2;3;1;2,56312e+07;2,56312e+07;2,56312e+07;2,56312e+07;2,56312e+07;2,56312e+07;;39,015;39,015;39,015;39,015;39,015;39,015;;0,999738;0,999738;0,999738;0,999738;0,999738;0,999738;
arm64;wh-occ-opt;zipfian;0,990000;2;65536;100000;50;25;25;1;1,85709e+07;1,85709e+07;1,85709e+07;1,85709e+07;1,85709e+07;1,85709e+07;;53,8477;53,8477;53,8477;53,8477;53,8477;53,8477;;0,998379;0,998379;0,998379;0,998379;0,998379;0,998379;
arm64;wh-occ-opt;zipfian;0,990000;2;65536;100000;95;2;3;1;2,30172e+07;2,30172e+07;2,30172e+07;2,30172e+07;2,30172e+07;2,30172e+07;;43,4457;43,4457;43,4457;43,4457;43,4457;43,4457;;0,999158;0,999158;0,999158;0,999158;0,999158;0,999158;
arm64;wh-occ-opt;zipfian;0,990000;4;65536;1000;50;25;25;1;3,22519e+07;3,22519e+07;3,22519e+07;3,22519e+07;3,22519e+07;3,22519e+07;;31,006;31,006;31,006;31,006;31,006;31,006;;0,996271;0,996271;0,996271;0,996271;0,996271;0,996271;
arm64;wh-occ-opt;zipfian;0,990000;4;65536;1000;95;2;3;1;4,75991e+07;4,75991e+07;4,75991e+07;4,75991e+07;4,75991e+07;4,75991e+07;;21,0088;21,0088;21,0088;21,0088;21,0088;21,0088;;0,999353;0,999353;0,999353;0,999353;0,999353;0,999353;
arm64;wh-occ-opt;zipfian;0,990000;4;65536;100000;50;25;25;1;3,57759e+07;3,57759e+07;3,57759e+07;3,57759e+07;3,57759e+07;3,57759e+07;;27,9518;27,9518;27,9518;27,9518;27,9518;27,9518;;0,998132;0,998132;0,998132;0,998132;0,998132;0,998132;
arm64;wh-occ-opt;zipfian;0,990000;4;65536;100000;95;2;3;1;4,51375e+07;4,51375e+07;4,51375e+07;4,51375e+07;4,51375e+07;4,51375e+07;;22,1545;22,1545;22,1545;22,1545;22,1545;22,1545;;0,997996;0,997996;0,997996;0,997996;0,997996;0,997996;
arm64;wh-occ-opt;zipfian;0,990000;8;65536;1000;50;25;25;1;2,03388e+07;2,03388e+07;2,03388e+07;2,03388e+07;2,03388e+07;2,03388e+07;;49,1671;49,1671;49,1671;49,1671;49,1671;49,1671;;0,95421;0,95421;0,95421;0,95421;0,95421;0,95421;
arm64;wh-occ-opt;zipfian;0,990000;8;65536;1000;95;2;3;1;6,54905e+07;6,54905e+07;6,54905e+07;6,54905e+07;6,54905e+07;6,54905e+07;;15,2694;15,2694;15,2694;15,2694;15,2694;15,2694;;0,852746;0,852746;0,852746;0,852746;0,852746;0,852746;
arm64;wh-occ-opt;zipfian;0,990000;8;65536;100000;50;25;25;1;4,563e+07;4,563e+07;4,563e+07;4,563e+07;4,563e+07;4,563e+07;;21,9154;21,9154;21,9154;21,9154;21,9154;21,9154;;0,979516;0,979516;0,979516;0,979516;0,979516;0,979516;
arm64;wh-occ-opt;zipfian;0,990000;8;65536;100000;95;2;3;1;6,6143e+07;6,6143e+07;6,6143e+07;6,6143e+07;6,6143e+07;6,6143e+07;;15,1187;15,1187;15,1187;15,1187;15,1187;15,1187;;0,78039;0,78039;0,78039;0,78039;0,78039;0,78039;
arm64;wh-occ-opt;zipfian;1,200000;1;65536;1000;95;2;3;1;1,28509e+07;1,28509e+07;1,28509e+07;1,28509e+07;1,28509e+07;1,28509e+07;;77,8153;77,8153;77,8153;77,8153;77,8153;77,8153;;1;1;1;1;1;1;
arm64;wh-occ-opt;zipfian;1,200000;11;65536;1000;95;2;3;1;7,50075e+07;7,50075e+07;7,50075e+07;7,50075e+07;7,50075e+07;7,50075e+07;;13,332;13,332;13,332;13,332;13,332;13,332;;0,845062;0,845062;0,845062;0,845062;0,845062;0,845062;
arm64;wh-occ-opt;zipfian;1,200000;2;65536;1000;95;2;3;1;2,48863e+07;2,48863e+07;2,48863e+07;2,48863e+07;2,48863e+07;2,48863e+07;;40,1828;40,1828;40,1828;40,1828;40,1828;40,1828;;0,999194;0,999194;0,999194;0,999194;0,999194;0,999194;
arm64;wh-occ-opt;zipfian;1,200000;4;65536;1000;95;2;3;1;4,9114e+07;4,9114e+07;4,9114e+07;4,9114e+07;4,9114e+07;4,9114e+07;;20,3608;20,3608;20,3608;20,3608;20,3608;20,3608;;0,997264;0,997264;0,997264;0,997264;0,997264;0,997264;
arm64;wh-occ-opt;zipfian;1,200000;8;65536;1000;95;2;3;1;6,65482e+07;6,65482e+07;6,65482e+07;6,65482e+07;6,65482e+07;6,65482e+07;;15,0267;15,0267;15,0267;15,0267;15,0267;15,0267;;0,824466;0,824466;0,824466;0,824466;0,824466;0,824466;
arm64;wh-pcpu-rw;uniform;0,990000;1;65536;100000;95;2;3;1;1,69585e+07;1,69585e+07;1,69585e+07;1,69585e+07;1,69585e+07;1,69585e+07;;58,9676;58,9676;58,9676;58,9676;58,9676;58,9676;;1;1;1;1;1;1;
arm64;wh-pcpu-rw;uniform;0,990000;11;65536;100000;95;2;3;1;6,22486e+07;6,22486e+07;6,22486e+07;6,22486e+07;6,22486e+07;6,22486e+07;;16,0646;16,0646;16,0646;16,0646;16,0646;16,0646;;0,812151;0,812151;0,812151;0,812151;0,812151;0,812151;
arm64;wh-pcpu-rw;uniform;0,990000;2;65536;100000;95;2;3;1;2,75303e+07;2,75303e+07;2,75303e+07;2,75303e+07;2,75303e+07;2,75303e+07;;36,3236;36,3236;36,3236;36,3236;36,3236;36,3236;;0,992236;0,992236;0,992236;0,992236;0,992236;0,992236;
arm64;wh-pcpu-rw;uniform;0,990000;4;65536;100000;95;2;3;1;5,67934e+07;5,67934e+07;5,67934e+07;5,67934e+07;5,67934e+07;5,67934e+07;;17,6077;17,6077;17,6077;17,6077;17,6077;17,6077;;0,849872;0,849872;0,849872;0,849872;0,849872;0,849872;
arm64;wh-pcpu-rw;uniform;0,990000;8;65536;100000;95;2;3;1;6,63491e+07;6,63491e+07;6,63491e+07;6,63491e+07;6,63491e+07;6,63491e+07;;15,0718;15,0718;15,0718;15,0718;15,0718;15,0718;;0,615583;0,615583;0,615583;0,615583;0,615583;0,615583;
arm64;wh-pcpu-rw;zipfian;0,990000;1;65536;1000;50;25;25;1;9,54353e+06;9,54353e+06;9,54353e+06;9,54353e+06;9,54353e+06;9,54353e+06;;104,783;104,783;104,783;104,783;104,783;104,783;;1;1;1;1;1;1;
arm64;wh-pcpu-rw;zipfian;0,990000;1;65536;1000;95;2;3;1;1,30399e+07;1,30399e+07;1,30399e+07;1,30399e+07;1,30399e+07;1,30399e+07;;76,6876;76,6876;76,6876;76,6876;76,6876;76,6876;;1;1;1;1;1;1;
arm64;wh-pcpu-rw;zipfian;0,990000;1;65536;100000;50;25;25;1;5,64286e+06;5,64286e+06;5,64286e+06;5,64286e+06;5,64286e+06;5,64286e+06;;177,215;177,215;177,215;177,215;177,215;177,215;;1;1;1;1;1;1;
arm64;wh-pcpu-rw;zipfian;0,990000;1;65536;100000;95;2;3;1;1,111e+07;1,111e+07;1,111e+07;1,111e+07;1,111e+07;1,111e+07;;90,0086;90,0086;90,0086;90,0086;90,0086;90,0086;;1;1;1;1;1;1;
arm64;wh-pcpu-rw;zipfian;0,990000;11;65536;1000;50;25;25;1;4,50583e+06;4,50583e+06;4,50583e+06;4,50583e+06;4,50583e+06;4,50583e+06;;221,935;221,935;221,935;221,935;221,935;221,935;;0,969392;0,969392;0,969392;0,969392;0,969392;0,969392;
arm64;wh-pcpu-rw;zipfian;0,990000;11;65536;1000;95;2;3;1;3,50482e+06;3,50482e+06;3,50482e+06;3,50482e+06;3,50482e+06;3,50482e+06;;285,321;285,321;285,321;285,321;285,321;285,321;;0,776369;0,776369;0,776369;0,776369;0,776369;0,776369;
arm64;wh-pcpu-rw;zipfian;0,990000;11;65536;100000;50;25;25;1;1,72741e+07;1,72741e+07;1,72741e+07;1,72741e+07;1,72741e+07;1,72741e+07;;57,8902;57,8902;57,8902;57,8902;57,8902;57,8902;;0,954624;0,954624;0,954624;0,954624;0,954624;0,954624;
arm64;wh-pcpu-rw;zipfian;0,990000;11;65536;100000;95;2;3;1;2,16992e+07;2,16992e+07;2,16992e+07;2,16992e+07;2,16992e+07;2,16992e+07;;46,0846;46,0846;46,0846;46,0846;46,0846;46,0846;;0,69193;0,69193;0,69193;0,69193;0,69193;0,69193;
arm64;wh-pcpu-rw;zipfian;0,990000;2;65536;1000;50;25;25;1;1,54997e+07;1,54997e+07;1,54997e+07;1,54997e+07;1,54997e+07;1,54997e+07;;64,5174;64,5174;64,5174;64,5174;64,5174;64,5174;;0,998017;0,998017;0,998017;0,998017;0,998017;0,998017;
arm64;wh-pcpu-rw;zipfian;0,990000;2;65536;1000;95;2;3;1;2,31139e+07;2,31139e+07;2,31139e+07;2,31139e+07;2,31139e+07;2,31139e+07;;43,264;43,264;43,264;43,264;43,264;43,264;;0,999139;0,999139;0,999139;0,999139;0,999139;0,999139;
arm64;wh-pcpu-rw;zipfian;0,990000;2;65536;100000;50;25;25;1;1,00067e+07;1,00067e+07;1,00067e+07;1,00067e+07;1,00067e+07;1,00067e+07;;99,9328;99,9328;99,9328;99,9328;99,9328;99,9328;;0,999398;0,999398;0,999398;0,999398;0,999398;0,999398;
arm64;wh-pcpu-rw;zipfian;0,990000;2;65536;100000;95;2;3;1;1,75952e+07;1,75952e+07;1,75952e+07;1,75952e+07;1,75952e+07;1,75952e+07;;56,8338;56,8338;56,8338;56,8338;56,8338;56,8338;;0,995632;0,995632;0,995632;0,995632;0,995632;0,995632;
arm64;wh-pcpu-rw;zipfian;0,990000;4;65536;1000;50;25;25;1;2,40519e+07;2,40519e+07;2,40519e+07;2,40519e+07;2,40519e+07;2,40519e+07;;41,5767;41,5767;41,5767;41,5767;41,5767;41,5767;;0,994419;0,994419;0,994419;0,994419;0,994419;0,994419;
arm64;wh-pcpu-rw;zipfian;0,990000;4;65536;1000;95;2;3;1;4,42454e+07;4,42454e+07;4,42454e+07;4,42454e+07;4,42454e+07;4,42454e+07;;22,6012;22,6012;22,6012;22,6012;22,6012;22,6012;;0,989306;0,989306;0,989306;0,989306;0,989306;0,989306;
arm64;wh-pcpu-rw;zipfian;0,990000;4;65536;100000;50;25;25;1;1,70877e+07;1,70877e+07;1,70877e+07;1,70877e+07;1,70877e+07;1,70877e+07;;58,5215;58,5215;58,5215;58,5215;58,5215;58,5215;;0,958159;0,958159;0,958159;0,958159;0,958159;0,958159;
arm64;wh-pcpu-rw;zipfian;0,990000;4;65536;100000;95;2;3;1;3,76531e+07;3,76531e+07;3,76531e+07;3,76531e+07;3,76531e+07;3,76531e+07;;26,5582;26,5582;26,5582;26,5582;26,5582;26,5582;;0,840055;0,840055;0,840055;0,840055;0,840055;0,840055;
arm64;wh-pcpu-rw;zipfian;0,990000;8;65536;1000;50;25;25;1;5,78709e+06;5,78709e+06;5,78709e+06;5,78709e+06;5,78709e+06;5,78709e+06;;172,798;172,798;172,798;172,798;172,798;172,798;;0,96093;0,96093;0,96093;0,96093;0,96093;0,96093;
arm64;wh-pcpu-rw;zipfian;0,990000;8;65536;1000;95;2;3;1;4,64734e+06;4,64734e+06;4,64734e+06;4,64734e+06;4,64734e+06;4,64734e+06;;215,177;215,177;215,177;215,177;215,177;215,177;;0,953806;0,953806;0,953806;0,953806;0,953806;0,953806;
arm64;wh-pcpu-rw;zipfian;0,990000;8;65536;100000;50;25;25;1;1,75773e+07;1,75773e+07;1,75773e+07;1,75773e+07;1,75773e+07;1,75773e+07;;56,8916;56,8916;56,8916;56,8916;56,8916;56,8916;;0,943793;0,943793;0,943793;0,943793;0,943793;0,943793;
arm64;wh-pcpu-rw;zipfian;0,990000;8;65536;100000;95;2;3;1;4,04773e+07;4,04773e+07;4,04773e+07;4,04773e+07;4,04773e+07;4,04773e+07;;24,7052;24,7052;24,7052;24,7052;24,7052;24,7052;;0,809556;0,809556;0,809556;0,809556;0,809556;0,809556;
arm64;wh-pcpu-rw;zipfian;1,200000;1;65536;1000;95;2;3;1;1,35242e+07;1,35242e+07;1,35242e+07;1,35242e+07;1,35242e+07;1,35242e+07;;73,9415;73,9415;73,9415;73,9415;73,9415;73,9415;;1;1;1;1;1;1;
arm64;wh-pcpu-rw;zipfian;1,200000;11;65536;1000;95;2;3;1;3,26502e+06;3,26502e+06;3,26502e+06;3,26502e+06;3,26502e+06;3,26502e+06;;306,277;306,277;306,277;306,277;306,277;306,277;;0,799208;0,799208;0,799208;0,799208;0,799208;0,799208;
arm64;wh-pcpu-rw;zipfian;1,200000;2;65536;1000;95;2;3;1;2,50534e+07;2,50534e+07;2,50534e+07;2,50534e+07;2,50534e+07;2,50534e+07;;39,9148;39,9148;39,9148;39,9148;39,9148;39,9148;;0,998958;0,998958;0,998958;0,998958;0,998958;0,998958;
arm64;wh-pcpu-rw;zipfian;1,200000;4;65536;1000;95;2;3;1;4,55733e+07;4,55733e+07;4,55733e+07;4,55733e+07;4,55733e+07;4,55733e+07;;21,9427;21,9427;21,9427;21,9427;21,9427;21,9427;;0,992102;0,992102;0,992102;0,992102;0,992102;0,992102;
arm64;wh-pcpu-rw;zipfian;1,200000;8;65536;1000;95;2;3;1;3,74649e+06;3,74649e+06;3,74649e+06;3,74649e+06;3,74649e+06;3,74649e+06;;266,917;266,917;266,917;266,917;266,917;266,917;;0,872345;0,872345;0,872345;0,872345;0,872345;0,872345;
arm64;wh-tas;uniform;0,990000;1;65536;100000;95;2;3;1;1,84954e+07;1,84954e+07;1,84954e+07;1,84954e+07;1,84954e+07;1,84954e+07;;54,0675;54,0675;54,0675;54,0675;54,0675;54,0675;;1;1;1;1;1;1;
arm64;wh-tas;uniform;0,990000;11;65536;100000;95;2;3;1;7,52877e+07;7,52877e+07;7,52877e+07;7,52877e+07;7,52877e+07;7,52877e+07;;13,2824;13,2824;13,2824;13,2824;13,2824;13,2824;;0,788744;0,788744;0,788744;0,788744;0,788744;0,788744;
arm64;wh-tas;uniform;0,990000;2;65536;100000;95;2;3;1;2,89904e+07;2,89904e+07;2,89904e+07;2,89904e+07;2,89904e+07;2,89904e+07;;34,4942;34,4942;34,4942;34,4942;34,4942;34,4942;;0,999614;0,999614;0,999614;0,999614;0,999614;0,999614;
arm64;wh-tas;uniform;0,990000;4;65536;100000;95;2;3;1;5,93242e+07;5,93242e+07;5,93242e+07;5,93242e+07;5,93242e+07;5,93242e+07;;16,8565;16,8565;16,8565;16,8565;16,8565;16,8565;;0,837389;0,837389;0,837389;0,837389;0,837389;0,837389;
arm64;wh-tas;uniform;0,990000;8;65536;100000;95;2;3;1;6,55338e+07;6,55338e+07;6,55338e+07;6,55338e+07;6,55338e+07;6,55338e+07;;15,2593;15,2593;15,2593;15,2593;15,2593;15,2593;;0,603418;0,603418;0,603418;0,603418;0,603418;0,603418;
arm64;wh-tas;zipfian;0,990000;1;65536;1000;50;25;25;1;1,07837e+07;1,07837e+07;1,07837e+07;1,07837e+07;1,07837e+07;1,07837e+07;;92,7322;92,7322;92,7322;92,7322;92,7322;92,7322;;1;1;1;1;1;1;
arm64;wh-tas;zipfian;0,990000;1;65536;1000;95;2;3;1;1,25185e+07;1,25185e+07;1,25185e+07;1,25185e+07;1,25185e+07;1,25185e+07;;79,8818;79,8818;79,8818;79,8818;79,8818;79,8818;;1;1;1;1;1;1;
arm64;wh-tas;zipfian;0,990000;1;65536;100000;50;25;25;1;6,24044e+06;6,24044e+06;6,24044e+06;6,24044e+06;6,24044e+06;6,24044e+06;;160,245;160,245;160,245;160,245;160,245;160,245;;1;1;1;1;1;1;
arm64;wh-tas;zipfian;0,990000;1;65536;100000;95;2;3;1;1,15523e+07;1,15523e+07;1,15523e+07;1,15523e+07;1,15523e+07;1,15523e+07;;86,5631;86,5631;86,5631;86,5631;86,5631;86,5631;;1;1;1;1;1;1;
arm64;wh-tas;zipfian;0,990000;11;65536;1000;50;25;25;1;6,99688e+06;6,99688e+06;6,99688e+06;6,99688e+06;6,99688e+06;6,99688e+06;;142,921;142,921;142,921;142,921;142,921;142,921;;0,976524;0,976524;0,976524;0,976524;0,976524;0,976524;
arm64;wh-tas;zipfian;0,990000;11;65536;1000;95;2;3;1;6,98921e+06;6,98921e+06;6,98921e+06;6,98921e+06;6,98921e+06;6,98921e+06;;143,078;143,078;143,078;143,078;143,078;143,078;;0,958134;0,958134;0,958134;0,958134;0,958134;0,958134;
arm64;wh-tas;zipfian;0,990000;11;65536;100000;50;25;25;1;2,02787e+07;2,02787e+07;2,02787e+07;2,02787e+07;2,02787e+07;2,02787e+07;;49,3127;49,3127;49,3127;49,3127;49,3127;49,3127;;0,937838;0,937838;0,937838;0,937838;0,937838;0,937838;
arm64;wh-tas;zipfian;0,990000;11;65536;100000;95;2;3;1;5,24421e+07;5,24421e+07;5,24421e+07;5,24421e+07;5,24421e+07;5,24421e+07;;19,0687;19,0687;19,0687;19,0687;19,0687;19,0687;;0,772431;0,772431;0,772431;0,772431;0,772431;0,772431;
arm64;wh-tas;zipfian;0,990000;2;65536;1000;50;25;25;1;1,81478e+07;1,81478e+07;1,81478e+07;1,81478e+07;1,81478e+07;1,81478e+07;;55,1032;55,1032;55,1032;55,1032;55,1032;55,1032;;0,998634;0,998634;0,998634;0,998634;0,998634;0,998634;
arm64;wh-tas;zipfian;0,990000;2;65536;1000;95;2;3;1;2,41042e+07;2,41042e+07;2,41042e+07;2,41042e+07;2,41042e+07;2,41042e+07;;41,4866;41,4866;41,4866;41,4866;41,4866;41,4866;;0,995366;0,995366;0,995366;0,995366;0,995366;0,995366;
arm64;wh-tas;zipfian;0,990000;2;65536;100000;50;25;25;1;1,10693e+07;1,10693e+07;1,10693e+07;1,10693e+07;1,10693e+07;1,10693e+07;;90,3397;90,3397;90,3397;90,3397;90,3397;90,3397;;0,999568;0,999568;0,999568;0,999568;0,999568;0,999568;
arm64;wh-tas;zipfian;0,990000;2;65536;100000;95;2;3;1;2,1461e+07;2,1461e+07;2,1461e+07;2,1461e+07;2,1461e+07;2,1461e+07;;46,5962;46,5962;46,5962;46,5962;46,5962;46,5962;;0,997514;0,997514;0,997514;0,997514;0,997514;0,997514;
arm64;wh-tas;zipfian;0,990000;4;65536;1000;50;25;25;1;2,83092e+07;2,83092e+07;2,83092e+07;2,83092e+07;2,83092e+07;2,83092e+07;;35,3242;35,3242;35,3242;35,3242;35,3242;35,3242;;0,993884;0,993884;0,993884;0,993884;0,993884;0,993884;
arm64;wh-tas;zipfian;0,990000;4;65536;1000;95;2;3;1;3,74307e+07;3,74307e+07;3,74307e+07;3,74307e+07;3,74307e+07;3,74307e+07;;26,716;26,716;26,716;26,716;26,716;26,716;;0,998362;0,998362;0,998362;0,998362;0,998362;0,998362;
arm64;wh-tas;zipfian;0,990000;4;65536;100000;50;25;25;1;1,9167e+07;1,9167e+07;1,9167e+07;1,9167e+07;1,9167e+07;1,9167e+07;;52,173;52,173;52,173;52,173;52,173;52,173;;0,958051;0,958051;0,958051;0,958051;0,958051;0,958051;
arm64;wh-tas;zipfian;0,990000;4;65536;100000;95;2;3;1;4,23529e+07;4,23529e+07;4,23529e+07;4,23529e+07;4,23529e+07;4,23529e+07;;23,6111;23,6111;23,6111;23,6111;23,6111;23,6111;;0,939033;0,939033;0,939033;0,939033;0,939033;0,939033;
arm64;wh-tas;zipfian;0,990000;8;65536;1000;50;25;25;1;1,19081e+07;1,19081e+07;1,19081e+07;1,19081e+07;1,19081e+07;1,19081e+07;;83,9761;83,9761;83,9761;83,9761;83,9761;83,9761;;0,968775;0,968775;0,968775;0,968775;0,968775;0,968775;
arm64;wh-tas;zipfian;0,990000;8;65536;1000;95;2;3;1;1,0843e+07;1,0843e+07;1,0843e+07;1,0843e+07;1,0843e+07;1,0843e+07;;92,2253;92,2253;92,2253;92,2253;92,2253;92,2253;;0,996771;0,996771;0,996771;0,996771;0,996771;0,996771;
arm64;wh-tas;zipfian;0,990000;8;65536;100000;50;25;25;1;1,89919e+07;1,89919e+07;1,89919e+07;1,89919e+07;1,89919e+07;1,89919e+07;;52,6541;52,6541;52,6541;52,6541;52,6541;52,6541;;0,936212;0,936212;0,936212;0,936212;0,936212;0,936212;
arm64;wh-tas;zipfian;0,990000;8;65536;100000;95;2;3;1;5,18951e+07;5,18951e+07;5,18951e+07;5,18951e+07;5,18951e+07;5,18951e+07;;19,2696;19,2696;19,2696;19,2696;19,2696;19,2696;;0,757419;0,757419;0,757419;0,757419;0,757419;0,757419;
arm64;wh-tas;zipfian;1,200000;1;65536;1000;95;2;3;1;1,4079e+07;1,4079e+07;1,4079e+07;1,4079e+07;1,4079e+07;1,4079e+07;;71,0277;71,0277;71,0277;71,0277;71,0277;71,0277;;1;1;1;1;1;1;
arm64;wh-tas;zipfian;1,200000;11;65536;1000;95;2;3;1;5,84865e+06;5,84865e+06;5,84865e+06;5,84865e+06;5,84865e+06;5,84865e+06;;170,98;170,98;170,98;170,98;170,98;170,98;;0,903969;0,903969;0,903969;0,903969;0,903969;0,903969;
arm64;wh-tas;zipfian;1,200000;2;65536;1000;95;2;3;1;2,50169e+07;2,50169e+07;2,50169e+07;2,50169e+07;2,50169e+07;2,50169e+07;;39,973;39,973;39,973;39,973;39,973;39,973;;0,998384;0,998384;0,998384;0,998384;0,998384;0,998384;
arm64;wh-tas;zipfian;1,200000;4;65536;1000;95;2;3;1;3,54225e+07;3,54225e+07;3,54225e+07;3,54225e+07;3,54225e+07;3,54225e+07;;28,2306;28,2306;28,2306;28,2306;28,2306;28,2306;;0,993274;0,993274;0,993274;0,993274;0,993274;0,993274;
arm64;wh-tas;zipfian;1,200000;8;65536;1000;95;2;3;1;8,97095e+06;8,97095e+06;8,97095e+06;8,97095e+06;8,97095e+06;8,97095e+06;;111,471;111,471;111,471;111,471;111,471;111,471;;0,985198;0,985198;0,985198;0,985198;0,985198;0,985198;
arm64;wh-ttas;uniform;0,990000;1;65536;100000;95;2;3;1;1,78444e+07;1,78444e+07;1,78444e+07;1,78444e+07;1,78444e+07;1,78444e+07;;56,0401;56,0401;56,0401;56,0401;56,0401;56,0401;;1;1;1;1;1;1;
arm64;wh-ttas;uniform;0,990000;11;65536;100000;95;2;3;1;7,48623e+07;7,48623e+07;7,48623e+07;7,48623e+07;7,48623e+07;7,48623e+07;;13,3579;13,3579;13,3579;13,3579;13,3579;13,3579;;0,790703;0,790703;0,790703;0,790703;0,790703;0,790703;
arm64;wh-ttas;uniform;0,990000;2;65536;100000;95;2;3;1;2,85636e+07;2,85636e+07;2,85636e+07;2,85636e+07;2,85636e+07;2,85636e+07;;35,0095;35,0095;35,0095;35,0095;35,0095;35,0095;;0,995599;0,995599;0,995599;0,995599;0,995599;0,995599;
arm64;wh-ttas;uniform;0,990000;4;65536;100000;95;2;3;1;5,88611e+07;5,88611e+07;5,88611e+07;5,88611e+07;5,88611e+07;5,88611e+07;;16,9892;16,9892;16,9892;16,9892;16,9892;16,9892;;0,835195;0,835195;0,835195;0,835195;0,835195;0,835195;
arm64;wh-ttas;uniform;0,990000;8;65536;100000;95;2;3;1;5,59158e+07;5,59158e+07;5,59158e+07;5,59158e+07;5,59158e+07;5,59158e+07;;17,884;17,884;17,884;17,884;17,884;17,884;;0,471784;0,471784;0,471784;0,471784;0,471784;0,471784;
arm64;wh-ttas;zipfian;0,990000;1;65536;1000;50;25;25;1;1,08262e+07;1,08262e+07;1,08262e+07;1,08262e+07;1,08262e+07;1,08262e+07;;92,3687;92,3687;92,3687;92,3687;92,3687;92,3687;;1;1;1;1;1;1;
arm64;wh-ttas;zipfian;0,990000;1;65536;1000;95;2;3;1;1,26668e+07;1,26668e+07;1,26668e+07;1,26668e+07;1,26668e+07;1,26668e+07;;78,9466;78,9466;78,9466;78,9466;78,9466;78,9466;;1;1;1;1;1;1;
arm64;wh-ttas;zipfian;0,990000;1;65536;100000;50;25;25;1;6,50892e+06;6,50892e+06;6,50892e+06;6,50892e+06;6,50892e+06;6,50892e+06;;153,635;153,635;153,635;153,635;153,635;153,635;;1;1;1;1;1;1;
arm64;wh-ttas;zipfian;0,990000;1;65536;100000;95;2;3;1;1,13955e+07;1,13955e+07;1,13955e+07;1,13955e+07;1,13955e+07;1,13955e+07;;87,754;87,754;87,754;87,754;87,754;87,754;;1;1;1;1;1;1;
arm64;wh-ttas;zipfian;0,990000;11;65536;1000;50;25;25;1;8,85026e+06;8,85026e+06;8,85026e+06;8,85026e+06;8,85026e+06;8,85026e+06;;112,991;112,991;112,991;112,991;112,991;112,991;;0,975333;0,975333;0,975333;0,975333;0,975333;0,975333;
arm64;wh-ttas;zipfian;0,990000;11;65536;1000;95;2;3;1;8,09958e+06;8,09958e+06;8,09958e+06;8,09958e+06;8,09958e+06;8,09958e+06;;123,463;123,463;123,463;123,463;123,463;123,463;;0,944028;0,944028;0,944028;0,944028;0,944028;0,944028;
arm64;wh-ttas;zipfian;0,990000;11;65536;100000;50;25;25;1;1,99441e+07;1,99441e+07;1,99441e+07;1,99441e+07;1,99441e+07;1,99441e+07;;50,1401;50,1401;50,1401;50,1401;50,1401;50,1401;;0,941203;0,941203;0,941203;0,941203;0,941203;0,941203;
arm64;wh-ttas;zipfian;0,990000;11;65536;100000;95;2;3;1;5,51949e+07;5,51949e+07;5,51949e+07;5,51949e+07;5,51949e+07;5,51949e+07;;18,1176;18,1176;18,1176;18,1176;18,1176;18,1176;;0,770752;0,770752;0,770752;0,770752;0,770752;0,770752;
arm64;wh-ttas;zipfian;0,990000;2;65536;1000;50;25;25;1;1,8169e+07;1,8169e+07;1,8169e+07;1,8169e+07;1,8169e+07;1,8169e+07;;55,0387;55,0387;55,0387;55,0387;55,0387;55,0387;;0,996617;0,996617;0,996617;0,996617;0,996617;0,996617;
arm64;wh-ttas;zipfian;0,990000;2;65536;1000;95;2;3;1;2,39439e+07;2,39439e+07;2,39439e+07;2,39439e+07;2,39439e+07;2,39439e+07;;41,7643;41,7643;41,7643;41,7643;41,7643;41,7643;;0,998669;0,998669;0,998669;0,998669;0,998669;0,998669;
arm64;wh-ttas;zipfian;0,990000;2;65536;100000;50;25;25;1;1,12287e+07;1,12287e+07;1,12287e+07;1,12287e+07;1,12287e+07;1,12287e+07;;89,0578;89,0578;89,0578;89,0578;89,0578;89,0578;;0,998874;0,998874;0,998874;0,998874;0,998874;0,998874;
arm64;wh-ttas;zipfian;0,990000;2;65536;100000;95;2;3;1;2,15025e+07;2,15025e+07;2,15025e+07;2,15025e+07;2,15025e+07;2,15025e+07;;46,5063;46,5063;46,5063;46,5063;46,5063;46,5063;;0,99795;0,99795;0,99795;0,99795;0,99795;0,99795;
arm64;wh-ttas;zipfian;0,990000;4;65536;1000;50;25;25;1;2,88729e+07;2,88729e+07;2,88729e+07;2,88729e+07;2,88729e+07;2,88729e+07;;34,6346;34,6346;34,6346;34,6346;34,6346;34,6346;;0,995781;0,995781;0,995781;0,995781;0,995781;0,995781;
arm64;wh-ttas;zipfian;0,990000;4;65536;1000;95;2;3;1;3,75221e+07;3,75221e+07;3,75221e+07;3,75221e+07;3,75221e+07;3,75221e+07;;26,651;26,651;26,651;26,651;26,651;26,651;;0,993518;0,993518;0,993518;0,993518;0,993518;0,993518;
arm64;wh-ttas;zipfian;0,990000;4;65536;100000;50;25;25;1;1,83128e+07;1,83128e+07;1,83128e+07;1,83128e+07;1,83128e+07;1,83128e+07;;54,6067;54,6067;54,6067;54,6067;54,6067;54,6067;;0,958643;0,958643;0,958643;0,958643;0,958643;0,958643;
arm64;wh-ttas;zipfian;0,990000;4;65536;100000;95;2;3;1;4,23911e+07;4,23911e+07;4,23911e+07;4,23911e+07;4,23911e+07;4,23911e+07;;23,5899;23,5899;23,5899;23,5899;23,5899;23,5899;;0,935338;0,935338;0,935338;0,935338;0,935338;0,935338;
arm64;wh-ttas;zipfian;0,990000;8;65536;1000;50;25;25;1;1,5001e+07;1,5001e+07;1,5001e+07;1,5001e+07;1,5001e+07;1,5001e+07;;66,662;66,662;66,662;66,662;66,662;66,662;;0,996195;0,996195;0,996195;0,996195;0,996195;0,996195;
arm64;wh-ttas;zipfian;0,990000;8;65536;1000;95;2;3;1;1,43765e+07;1,43765e+07;1,43765e+07;1,43765e+07;1,43765e+07;1,43765e+07;;69,558;69,558;69,558;69,558;69,558;69,558;;0,990563;0,990563;0,990563;0,990563;0,990563;0,990563;
arm64;wh-ttas;zipfian;0,990000;8;65536;100000;50;25;25;1;1,86846e+07;1,86846e+07;1,86846e+07;1,86846e+07;1,86846e+07;1,86846e+07;;53,52;53,52;53,52;53,52;53,52;53,52;;0,931796;0,931796;0,931796;0,931796;0,931796;0,931796;
arm64;wh-ttas;zipfian;0,990000;8;65536;100000;95;2;3;1;5,34186e+07;5,34186e+07;5,34186e+07;5,34186e+07;5,34186e+07;5,34186e+07;;18,7201;18,7201;18,7201;18,7201;18,7201;18,7201;;0,882977;0,882977;0,882977;0,882977;0,882977;0,882977;
arm64;wh-ttas;zipfian;1,200000;1;65536;1000;95;2;3;1;1,38331e+07;1,38331e+07;1,38331e+07;1,38331e+07;1,38331e+07;1,38331e+07;;72,2904;72,2904;72,2904;72,2904;72,2904;72,2904;;1;1;1;1;1;1;
arm64;wh-ttas;zipfian;1,200000;11;65536;1000;95;2;3;1;6,70079e+06;6,70079e+06;6,70079e+06;6,70079e+06;6,70079e+06;6,70079e+06;;149,236;149,236;149,236;149,236;149,236;149,236;;0,913546;0,913546;0,913546;0,913546;0,913546;0,913546;
arm64;wh-ttas;zipfian;1,200000;2;65536;1000;95;2;3;1;2,39216e+07;2,39216e+07;2,39216e+07;2,39216e+07;2,39216e+07;2,39216e+07;;41,8033;41,8033;41,8033;41,8033;41,8033;41,8033;;0,998149;0,998149;0,998149;0,998149;0,998149;0,998149;
arm64;wh-ttas;zipfian;1,200000;4;65536;1000;95;2;3;1;3,54614e+07;3,54614e+07;3,54614e+07;3,54614e+07;3,54614e+07;3,54614e+07;;28,1997;28,1997;28,1997;28,1997;28,1997;28,1997;;0,997527;0,997527;0,997527;0,997527;0,997527;0,997527;
arm64;wh-ttas;zipfian;1,200000;8;65536;1000;95;2;3;1;1,13032e+07;1,13032e+07;1,13032e+07;1,13032e+07;1,13032e+07;1,13032e+07;;88,4706;88,4706;88,4706;88,4706;88,4706;88,4706;;0,963416;0,963416;0,963416;0,963416;0,963416;0,963416;
