platform;lock;workload;threads;cs_work;read_pct;total_ops;read_ops;write_ops;ops_s;ns_op;fairness_min;fairness_max;fairness_ratio
arm;tas;mutex;1;0;100;2926580041;0;2926580041;973890084,000000;1,026810;0,000000;0,000000;1,000000
arm;tas;mutex;1;0;100;2892746195;0;2892746195;962632418,000000;1,038818;0,000000;0,000000;1,000000
arm;tas;mutex;1;0;100;2824333833;0;2824333833;939868920,000000;1,063978;0,000000;0,000000;1,000000
arm;tas;mutex;1;0;100;2848897967;0;2848897967;948039856,000000;1,054808;0,000000;0,000000;1,000000
arm;tas;mutex;1;0;100;2825811091;0;2825811091;940359720,000000;1,063423;0,000000;0,000000;1,000000
arm;tas;mutex;2;0;100;301895713;0;301895713;100542650,000000;9,946028;111990288,000000;189905425,000000;0,589716
arm;tas;mutex;2;0;100;308570476;0;308570476;102684690,000000;9,738550;148434079,000000;160136397,000000;0,926923
arm;tas;mutex;2;0;100;308571624;0;308571624;102757172,000000;9,731681;138151202,000000;170420422,000000;0,810649
arm;tas;mutex;2;0;100;297690023;0;297690023;99063745,000000;10,094510;131496132,000000;166193891,000000;0,791221
arm;tas;mutex;2;0;100;296571874;0;296571874;98691391,000000;10,132596;145786326,000000;150785548,000000;0,966845
arm;tas;mutex;4;0;100;91558369;0;91558369;30468188,000000;32,821118;22539214,000000;23375568,000000;0,964221
arm;tas;mutex;4;0;100;91079701;0;91079701;30308941,000000;32,993564;22226879,000000;23098150,000000;0,962280
arm;tas;mutex;4;0;100;91196411;0;91196411;30347810,000000;32,951306;22652648,000000;23107733,000000;0,980306
arm;tas;mutex;4;0;100;88304899;0;88304899;29385403,000000;34,030501;21822394,000000;22228265,000000;0,981741
arm;tas;mutex;4;0;100;91455222;0;91455222;30433901,000000;32,858094;22518242,000000;23233618,000000;0,969209
arm;tas;mutex;6;0;100;19129672;0;19129672;6368838,000000;157,014497;3058640,000000;3390907,000000;0,902012
arm;tas;mutex;6;0;100;19101467;0;19101467;6358479,000000;157,270301;2885019,000000;3723062,000000;0,774905
arm;tas;mutex;6;0;100;18814316;0;18814316;6263181,000000;159,663276;2864630,000000;3299422,000000;0,868222
arm;tas;mutex;6;0;100;21355137;0;21355137;7106390,000000;140,718412;3455909,000000;3627929,000000;0,952585
arm;tas;mutex;6;0;100;19085680;0;19085680;6358026,000000;157,281509;2789229,000000;3482009,000000;0,801040
arm;ttas;mutex;1;0;100;2685138368;0;2685138368;893546961,000000;1,119135;0,000000;0,000000;1,000000
arm;ttas;mutex;1;0;100;2699685227;0;2699685227;898384566,000000;1,113109;0,000000;0,000000;1,000000
arm;ttas;mutex;1;0;100;2703290700;0;2703290700;899588502,000000;1,111619;0,000000;0,000000;1,000000
arm;ttas;mutex;1;0;100;2691250659;0;2691250659;895582271,000000;1,116592;0,000000;0,000000;1,000000
arm;ttas;mutex;1;0;100;2686034306;0;2686034306;893845814,000000;1,118761;0,000000;0,000000;1,000000
arm;ttas;mutex;2;0;100;396337822;0;396337822;131890933,000000;7,582022;166909095,000000;229428727,000000;0,727499
arm;ttas;mutex;2;0;100;427337311;0;427337311;142206925,000000;7,032006;187856140,000000;239481171,000000;0,784430
arm;ttas;mutex;2;0;100;464573807;0;464573807;154598319,000000;6,468376;163287854,000000;301285953,000000;0,541970
arm;ttas;mutex;2;0;100;443041999;0;443041999;147433142,000000;6,782735;208835042,000000;234206957,000000;0,891669
arm;ttas;mutex;2;0;100;414407149;0;414407149;138078398,000000;7,242262;186876540,000000;227530609,000000;0,821325
arm;ttas;mutex;4;0;100;172638123;0;172638123;57449562,000000;17,406573;37087988,000000;46220430,000000;0,802415
arm;ttas;mutex;4;0;100;168627768;0;168627768;56115008,000000;17,820544;34105857,000000;48255710,000000;0,706773
arm;ttas;mutex;4;0;100;172758138;0;172758138;57489288,000000;17,394545;37044965,000000;50875131,000000;0,728155
arm;ttas;mutex;4;0;100;169550092;0;169550092;56421427,000000;17,723763;36505356,000000;44833126,000000;0,814250
arm;ttas;mutex;4;0;100;173158205;0;173158205;57622346,000000;17,354378;39301788,000000;47110366,000000;0,834249
arm;ttas;mutex;4;0;100;168821363;0;168821363;56085991,000000;17,829764;36878544,000000;45285075,000000;0,814364
arm;ttas;mutex;4;0;100;167685394;0;167685394;55708711,000000;17,950514;38776170,000000;44018260,000000;0,880911
arm;ttas;mutex;4;0;100;167635954;0;167635954;55692334,000000;17,955792;38766438,000000;43785469,000000;0,885372
arm;ttas;mutex;4;0;100;174721140;0;174721140;58045947,000000;17,227731;36572703,000000;56368204,000000;0,648818
arm;ttas;mutex;4;0;100;167852426;0;167852426;55764120,000000;17,932678;37039205,000000;49280558,000000;0,751599
arm;ttas;mutex;6;0;100;25349494;0;25349494;8447786,000000;118,374200;3779493,000000;4810652,000000;0,785651
arm;ttas;mutex;6;0;100;26005246;0;26005246;8653790,000000;115,556295;3725171,000000;5009650,000000;0,743599
arm;ttas;mutex;6;0;100;25369128;0;25369128;8452908,000000;118,302481;3706397,000000;4988871,000000;0,742933
arm;ttas;mutex;6;0;100;23430822;0;23430822;7797125,000000;128,252390;3600516,000000;4176990,000000;0,861988
arm;ttas;mutex;6;0;100;22774524;0;22774524;7578638,000000;131,949814;3428785,000000;4118204,000000;0,832592
arm;cas;mutex;1;0;100;2412155975;0;2412155975;802705175,000000;1,245787;0,000000;0,000000;1,000000
arm;cas;mutex;1;0;100;2412160552;0;2412160552;802707799,000000;1,245783;0,000000;0,000000;1,000000
arm;cas;mutex;1;0;100;2413230693;0;2413230693;803062680,000000;1,245233;0,000000;0,000000;1,000000
arm;cas;mutex;1;0;100;2385838521;0;2385838521;793947076,000000;1,259530;0,000000;0,000000;1,000000
arm;cas;mutex;1;0;100;2385011191;0;2385011191;793669945,000000;1,259970;0,000000;0,000000;1,000000
arm;cas;mutex;2;0;100;447404044;0;447404044;148885065,000000;6,716590;191860152,000000;255543892,000000;0,750791
arm;cas;mutex;2;0;100;430528164;0;430528164;143268911,000000;6,979881;140788904,000000;289739260,000000;0,485916
arm;cas;mutex;2;0;100;424684073;0;424684073;141323994,000000;7,075939;136191490,000000;288492583,000000;0,472080
arm;cas;mutex;2;0;100;484746331;0;484746331;161311071,000000;6,199202;206922066,000000;277824265,000000;0,744795
arm;cas;mutex;2;0;100;455301605;0;455301605;151513088,000000;6,600090;95270953,000000;360030652,000000;0,264619
arm;cas;mutex;4;0;100;166671457;0;166671457;55463733,000000;18,029800;36602944,000000;47695375,000000;0,767432
arm;cas;mutex;4;0;100;165843452;0;165843452;55188360,000000;18,119763;28257860,000000;49918665,000000;0,566078
arm;cas;mutex;4;0;100;166899043;0;166899043;55559716,000000;17,998652;38327039,000000;47765564,000000;0,802399
arm;cas;mutex;4;0;100;166304574;0;166304574;55355635,000000;18,065008;37145188,000000;44482312,000000;0,835055
arm;cas;mutex;4;0;100;166179566;0;166179566;55300255,000000;18,083099;38649363,000000;45477454,000000;0,849858
arm;cas;mutex;6;0;100;37536372;0;37536372;12502902,000000;79,981426;5734198,000000;6753997,000000;0,849008
arm;cas;mutex;6;0;100;37972306;0;37972306;12650065,000000;79,050972;5798806,000000;6791044,000000;0,853890
arm;cas;mutex;6;0;100;36478704;0;36478704;12156385,000000;82,261291;5888053,000000;6472005,000000;0,909773
arm;cas;mutex;6;0;100;36680708;0;36680708;12206301,000000;81,924899;5604695,000000;6446972,000000;0,869353
arm;cas;mutex;6;0;100;40914714;0;40914714;13615478,000000;73,445823;6295892,000000;7266764,000000;0,866396
arm;ticket;mutex;1;0;100;1479892220;0;1479892220;492471019,000000;2,030576;0,000000;0,000000;1,000000
arm;ticket;mutex;1;0;100;1484703117;0;1484703117;494072376,000000;2,023995;0,000000;0,000000;1,000000
arm;ticket;mutex;1;0;100;1480807841;0;1480807841;492776364,000000;2,029318;0,000000;0,000000;1,000000
arm;ticket;mutex;1;0;100;1487067002;0;1487067002;494859341,000000;2,020776;0,000000;0,000000;1,000000
arm;ticket;mutex;1;0;100;1488127846;0;1488127846;495212165,000000;2,019336;0,000000;0,000000;1,000000
arm;ticket;mutex;2;0;100;83190904;0;83190904;27683854,000000;36,122138;41373746,000000;41817158,000000;0,989396
arm;ticket;mutex;2;0;100;84234525;0;84234525;28031046,000000;35,674730;41797719,000000;42436806,000000;0,984940
arm;ticket;mutex;2;0;100;80119262;0;80119262;26661679,000000;37,507014;39889117,000000;40230145,000000;0,991523
arm;ticket;mutex;2;0;100;82345106;0;82345106;27402345,000000;36,493227;40784832,000000;41560274,000000;0,981342
arm;ticket;mutex;2;0;100;79658273;0;79658273;26508192,000000;37,724186;38340870,000000;41317403,000000;0,927959
arm;ticket;mutex;4;0;100;48083456;0;48083456;16000941,000000;62,496321;12019065,000000;12022333,000000;0,999728
arm;ticket;mutex;4;0;100;47985666;0;47985666;15968435,000000;62,623542;11995188,000000;11997781,000000;0,999784
arm;ticket;mutex;4;0;100;48044241;0;48044241;15987904,000000;62,547285;12010533,000000;12011560,000000;0,999914
arm;ticket;mutex;4;0;100;47901935;0;47901935;15940466,000000;62,733423;11975036,000000;11976505,000000;0,999877
arm;ticket;mutex;4;0;100;48151431;0;48151431;16023571,000000;62,408058;12036558,000000;12039325,000000;0,999770
arm;ticket;mutex;6;0;100;21513844;0;21513844;7162652,000000;139,613085;3585208,000000;3585930,000000;0,999799
arm;ticket;mutex;6;0;100;21576789;0;21576789;7180133,000000;139,273175;3595941,000000;3596334,000000;0,999891
arm;ticket;mutex;6;0;100;21563620;0;21563620;7182047,000000;139,236051;3593738,000000;3594040,000000;0,999916
arm;ticket;mutex;6;0;100;21509419;0;21509419;7162259,000000;139,620742;3584711,000000;3585131,000000;0,999883
arm;ticket;mutex;6;0;100;21583916;0;21583916;7173381,000000;139,404273;3597140,000000;3597419,000000;0,999922
arm;rw;mutex;1;0;100;2406222462;0;2406222462;801880444,000000;1,247069;0,000000;0,000000;1,000000
arm;rw;mutex;1;0;100;2411792031;0;2411792031;801252756,000000;1,248046;0,000000;0,000000;1,000000
arm;rw;mutex;1;0;100;2410833194;0;2410833194;800933710,000000;1,248543;0,000000;0,000000;1,000000
arm;rw;mutex;1;0;100;2406607695;0;2406607695;799529161,000000;1,250736;0,000000;0,000000;1,000000
arm;rw;mutex;1;0;100;2410632876;0;2410632876;800865596,000000;1,248649;0,000000;0,000000;1,000000
arm;rw;mutex;2;0;100;445187341;0;445187341;147900643,000000;6,761296;204055739,000000;241131602,000000;0,846242
arm;rw;mutex;2;0;100;428206115;0;428206115;142259724,000000;7,029396;167800206,000000;260405909,000000;0,644379
arm;rw;mutex;2;0;100;440906258;0;440906258;146478821,000000;6,826925;184870020,000000;256036238,000000;0,722046
arm;rw;mutex;2;0;100;423869387;0;423869387;140818883,000000;7,101320;201324835,000000;222544552,000000;0,904650
arm;rw;mutex;2;0;100;434263992;0;434263992;144345066,000000;6,927843;170461129,000000;263802863,000000;0,646169
arm;rw;mutex;4;0;100;89752480;0;89752480;29817702,000000;33,537125;22003880,000000;23083956,000000;0,953211
arm;rw;mutex;4;0;100;91866028;0;91866028;30519941,000000;32,765462;21179122,000000;25204627,000000;0,840287
arm;rw;mutex;4;0;100;93898268;0;93898268;31194913,000000;32,056508;22226104,000000;24093127,000000;0,922508
arm;rw;mutex;4;0;100;88598768;0;88598768;29434363,000000;33,973896;20024865,000000;23555008,000000;0,850132
arm;rw;mutex;4;0;100;87206807;0;87206807;29064675,000000;34,406027;21130397,000000;22619283,000000;0,934176
arm;rw;mutex;6;0;100;36864826;0;36864826;12256841,000000;81,587090;5625594,000000;6993496,000000;0,804404
arm;rw;mutex;6;0;100;37094441;0;37094441;12328459,000000;81,113134;5570143,000000;6544242,000000;0,851152
arm;rw;mutex;6;0;100;37052358;0;37052358;12309500,000000;81,238063;5761128,000000;6825120,000000;0,844106
arm;rw;mutex;6;0;100;36678566;0;36678566;12187710,000000;82,049865;5671496,000000;6527983,000000;0,868798
arm;rw;mutex;6;0;100;37280474;0;37280474;12396726,000000;80,666459;6024297,000000;6481109,000000;0,929516
arm;occ;mutex;1;0;100;799071096;0;799071096;265468347,000000;3,766927;0,000000;0,000000;1,000000
arm;occ;mutex;1;0;100;825568420;0;825568420;275018904,000000;3,636114;0,000000;0,000000;1,000000
arm;occ;mutex;1;0;100;802241952;0;802241952;266522012,000000;3,752035;0,000000;0,000000;1,000000
arm;occ;mutex;1;0;100;849295790;0;849295790;282153785,000000;3,544167;0,000000;0,000000;1,000000
arm;occ;mutex;1;0;100;852499567;0;852499567;283218127,000000;3,530847;0,000000;0,000000;1,000000
arm;occ;mutex;2;0;100;239185767;0;239185767;79462552,000000;12,584544;116254542,000000;122931225,000000;0,945688
arm;occ;mutex;2;0;100;248228534;0;248228534;82466688,000000;12,126108;40119904,000000;208108630,000000;0,192783
arm;occ;mutex;2;0;100;261355557;0;261355557;86827672,000000;11,517066;89121449,000000;172234108,000000;0,517444
arm;occ;mutex;2;0;100;235306191;0;235306191;78173544,000000;12,792051;72097903,000000;163208288,000000;0,441754
arm;occ;mutex;2;0;100;245185496;0;245185496;81592511,000000;12,256027;96310451,000000;277808658,000000;0,346679
arm;occ;mutex;4;0;100;128062445;0;128062445;42545085,000000;23,504477;9598039,000000;62040062,000000;0,154707
arm;occ;mutex;4;0;100;126529817;0;126529817;42035944,000000;23,789164;5448963,000000;68277530,000000;0,079806
arm;occ;mutex;4;0;100;127385414;0;127385414;42320167,000000;23,629396;9056357,000000;45730742,000000;0,198037
arm;occ;mutex;4;0;100;128230125;0;128230125;42600742,000000;23,473769;2297208,000000;79086468,000000;0,029047
arm;occ;mutex;4;0;100;129330812;0;129330812;42966472,000000;23,273961;1551870,000000;58571131,000000;0,026495
arm;occ;mutex;6;0;100;9894888;0;9894888;3293680,000000;303,611719;1569236,000000;1744117,000000;0,899731
arm;occ;mutex;6;0;100;9969802;0;9969802;3322416,000000;300,985725;1591573,000000;1748696,000000;0,910148
arm;occ;mutex;6;0;100;9081065;0;9081065;3022519,000000;330,849846;1418096,000000;1600808,000000;0,885863
arm;occ;mutex;6;0;100;9237030;0;9237030;3078786,000000;324,803247;1465451,000000;1590970,000000;0,921105
arm;occ;mutex;6;0;100;9878518;0;9878518;3289956,000000;303,955348;1553886,000000;1769987,000000;0,877908
arm;rw;rw;1;0;80;312254171;249798107;62456064;103737255,000000;9,639738;0,000000;0,000000;1,000000
arm;rw;rw;1;0;80;278271887;222612518;55659369;92447781,000000;10,816917;0,000000;0,000000;1,000000
arm;rw;rw;1;0;80;311401852;249115241;62286611;103454617,000000;9,666074;0,000000;0,000000;1,000000
arm;rw;rw;1;0;80;311186549;248943858;62242691;103383047,000000;9,672766;0,000000;0,000000;1,000000
arm;rw;rw;1;0;80;307967806;246369777;61598029;102313439,000000;9,773887;0,000000;0,000000;1,000000
arm;rw;rw;2;0;80;86353925;69079666;17274259;28688498,000000;34,857175;42640708,000000;43713217,000000;0,975465
arm;rw;rw;2;0;80;87367826;69890967;17476859;29025486,000000;34,452481;42536443,000000;44831383,000000;0,948810
arm;rw;rw;2;0;80;90720168;72572123;18148045;30139229,000000;33,179349;45300540,000000;45419628,000000;0,997378
arm;rw;rw;2;0;80;88443949;70752202;17691747;29383003,000000;34,033281;43900814,000000;44543135,000000;0,985580
arm;rw;rw;2;0;80;87196313;69753781;17442532;28968535,000000;34,520212;42572995,000000;44623318,000000;0,954053
arm;rw;rw;4;0;80;48497949;38796331;9701618;16112017,000000;62,065474;11783137,000000;12609560,000000;0,934461
arm;rw;rw;4;0;80;46567695;37253294;9314401;15470804,000000;64,637881;11435918,000000;11911311,000000;0,960089
arm;rw;rw;4;0;80;47959772;38367262;9592510;15933279,000000;62,761718;11732809,000000;12357000,000000;0,949487
arm;rw;rw;4;0;80;46492868;37192308;9300559;15451847,000000;64,859439;11360986,000000;11945096,000000;0,951598
arm;rw;rw;4;0;80;42946056;34352347;8593709;14291291,000000;69,972685;10492081,000000;10902515,000000;0,962354
arm;rw;rw;6;0;80;16883453;13508515;3374938;5618313,000000;177,989341;2636622,000000;3107717,000000;0,848411
arm;rw;rw;6;0;80;16901317;13522345;3378972;5624303,000000;177,799798;2528829,000000;3192072,000000;0,792222
arm;rw;rw;6;0;80;16971498;13579396;3392102;5653815,000000;176,871695;2575243,000000;3360671,000000;0,766288
arm;rw;rw;6;0;80;17050518;13642100;3408418;5681809,000000;176,000274;2517321,000000;3282609,000000;0,766866
arm;rw;rw;6;0;80;17018004;13615820;3402184;5663120,000000;176,581078;2610433,000000;3151739,000000;0,828252
arm;occ;rw;1;0;80;317958272;254361421;63596851;105807974,000000;9,451083;0,000000;0,000000;1,000000
arm;occ;rw;1;0;80;303877844;243098913;60778931;101122877,000000;9,888959;0,000000;0,000000;1,000000
arm;occ;rw;1;0;80;306789608;245427899;61361709;102092160,000000;9,795071;0,000000;0,000000;1,000000
arm;occ;rw;1;0;80;280523678;224413083;56110595;93351110,000000;10,712245;0,000000;0,000000;1,000000
arm;occ;rw;1;0;80;312443066;249949543;62493523;103972897,000000;9,617891;0,000000;0,000000;1,000000
arm;occ;rw;2;0;80;133448992;106753949;26695043;44408422,000000;22,518251;66478308,000000;66970684,000000;0,992648
arm;occ;rw;2;0;80;134868620;107885963;26982657;44880963,000000;22,281161;66262845,000000;68605775,000000;0,965849
arm;occ;rw;2;0;80;134400763;107510234;26890529;44725113,000000;22,358803;65896307,000000;68504456,000000;0,961927
arm;occ;rw;2;0;80;133773156;107009755;26763401;44516315,000000;22,463674;65727823,000000;68045333,000000;0,965942
arm;occ;rw;2;0;80;134591014;107662724;26928290;44812020,000000;22,315441;66742277,000000;67848737,000000;0,983692
arm;occ;rw;4;0;80;107342662;85880285;21462377;35720818,000000;27,994879;26510246,000000;27089991,000000;0,978599
arm;occ;rw;4;0;80;107657235;86132999;21524236;35825566,000000;27,913027;26504959,000000;27251527,000000;0,972605
arm;occ;rw;4;0;80;107565024;86056577;21508447;35794798,000000;27,937020;26625951,000000;27110035,000000;0,982144
arm;occ;rw;4;0;80;107584323;86073738;21510585;35801288,000000;27,931956;26815514,000000;27061658,000000;0,990904
arm;occ;rw;4;0;80;107065079;85656587;21408492;35656823,000000;28,045123;26462332,000000;26919237,000000;0,983027
arm;occ;rw;6;0;80;29083872;23269969;5813903;9678331,000000;103,323593;4375166,000000;5712347,000000;0,765914
arm;occ;rw;6;0;80;29435855;23551162;5884693;9808686,000000;101,950447;4448626,000000;5500718,000000;0,808736
arm;occ;rw;6;0;80;29537096;23633073;5904023;9832551,000000;101,703003;4428699,000000;5735673,000000;0,772132
arm;occ;rw;6;0;80;29464525;23574894;5889631;9809327,000000;101,943792;4483810,000000;5655400,000000;0,792837
arm;occ;rw;6;0;80;29413811;23534367;5879444;9800985,000000;102,030554;4478077,000000;5688385,000000;0,787232
arm;rw;rw;1;0;95;365429276;347153929;18275347;121650506,000000;8,220270;0,000000;0,000000;1,000000
arm;rw;rw;1;0;95;375879567;357080189;18799378;125083313,000000;7,994672;0,000000;0,000000;1,000000
arm;rw;rw;1;0;95;376353303;357531675;18821628;125241108,000000;7,984599;0,000000;0,000000;1,000000
arm;rw;rw;1;0;95;357643936;339757669;17886267;119014930,000000;8,402307;0,000000;0,000000;1,000000
arm;rw;rw;1;0;95;371795225;353200416;18594809;123724391,000000;8,082481;0,000000;0,000000;1,000000
arm;rw;rw;2;0;95;82338728;78222061;4116667;27400139,000000;36,496165;41011524,000000;41327204,000000;0,992361
arm;rw;rw;2;0;95;84332557;80115694;4216863;28063722,000000;35,633192;42045546,000000;42287011,000000;0,994290
arm;rw;rw;2;0;95;82198052;78088432;4109620;27353400,000000;36,558526;40503344,000000;41694708,000000;0,971426
arm;rw;rw;2;0;95;83671684;79488044;4183640;27844421,000000;35,913836;41530819,000000;42140865,000000;0,985524
arm;rw;rw;2;0;95;83824409;79633436;4190973;27894650,000000;35,849168;41858261,000000;41966148,000000;0,997429
arm;rw;rw;4;0;95;53110993;50457249;2653744;17674007,000000;56,580263;13223193,000000;13315078,000000;0,993099
arm;rw;rw;4;0;95;53073934;50422350;2651584;17661647,000000;56,619858;13167419,000000;13315303,000000;0,988894
arm;rw;rw;4;0;95;52957379;50311642;2645737;17650273,000000;56,656345;13181098,000000;13282286,000000;0,992382
arm;rw;rw;4;0;95;53302131;50638888;2663243;17737579,000000;56,377479;13255860,000000;13364483,000000;0,991872
arm;rw;rw;4;0;95;52227438;49617928;2609510;17379960,000000;57,537529;13006488,000000;13091363,000000;0,993517
arm;rw;rw;6;0;95;20433665;19412003;1021662;6804557,000000;146,960335;3026257,000000;3693807,000000;0,819279
arm;rw;rw;6;0;95;20469382;19446561;1022821;6821172,000000;146,602370;2952307,000000;3807497,000000;0,775393
arm;rw;rw;6;0;95;20465548;19442526;1023022;6818905,000000;146,651110;3058824,000000;4209465,000000;0,726654
arm;rw;rw;6;0;95;20775706;19737505;1038201;6913580,000000;144,642860;3188186,000000;3793065,000000;0,840530
arm;rw;rw;6;0;95;20516419;19490505;1025914;6828595,000000;146,443001;3239319,000000;3643477,000000;0,889074
arm;occ;rw;1;0;95;389561234;370077245;19483989;129636481,000000;7,713878;0,000000;0,000000;1,000000
arm;occ;rw;1;0;95;366612745;348277731;18335014;121999575,000000;8,196750;0,000000;0,000000;1,000000
arm;occ;rw;1;0;95;389696770;370205913;19490857;129681616,000000;7,711193;0,000000;0,000000;1,000000
arm;occ;rw;1;0;95;383618528;364432762;19185766;127659017,000000;7,833368;0,000000;0,000000;1,000000
arm;occ;rw;1;0;95;375528134;356746363;18781771;124966536,000000;8,002142;0,000000;0,000000;1,000000
arm;occ;rw;2;0;95;231451775;219880720;11571055;77098773,000000;12,970375;114591122,000000;116860653,000000;0,980579
arm;occ;rw;2;0;95;234408222;222689488;11718734;78004990,000000;12,819693;116830455,000000;117577767,000000;0,993644
arm;occ;rw;2;0;95;233457129;221786658;11670471;77688458,000000;12,871925;116475238,000000;116981891,000000;0,995669
arm;occ;rw;2;0;95;234804122;223065377;11738745;78137095,000000;12,798019;116891469,000000;117912653,000000;0,991339
arm;occ;rw;2;0;95;230839287;219300503;11538784;76858319,000000;13,010953;113621583,000000;117217704,000000;0,969321
arm;occ;rw;4;0;95;191424445;181852246;9572199;63701070,000000;15,698323;47403759,000000;48789301,000000;0,971602
arm;occ;rw;4;0;95;191725796;182138068;9587728;63801351,000000;15,673649;47855101,000000;48053503,000000;0,995871
arm;occ;rw;4;0;95;191446527;181873532;9572995;63708225,000000;15,696560;47483829,000000;48378392,000000;0,981509
arm;occ;rw;4;0;95;191707968;182120800;9587168;63832462,000000;15,666010;47712032,000000;48142765,000000;0,991053
arm;occ;rw;4;0;95;191686988;182099682;9587306;63788392,000000;15,676833;47830837,000000;48001659,000000;0,996441
arm;occ;rw;6;0;95;164418790;156202473;8216317;54713462,000000;18,277037;21381171,000000;38811143,000000;0,550903
arm;occ;rw;6;0;95;164493338;156274086;8219252;54751923,000000;18,264199;21266545,000000;39453528,000000;0,539028
arm;occ;rw;6;0;95;165162668;156909291;8253377;55041182,000000;18,168214;21167752,000000;39261295,000000;0,539151
arm;occ;rw;6;0;95;165109610;156858908;8250702;54944033,000000;18,200338;21256998,000000;38220493,000000;0,556168
arm;occ;rw;6;0;95;164166199;155963995;8202204;54685391,000000;18,286419;21495151,000000;38901846,000000;0,552548
arm;rcu;rcu;1;0;90;309012053;278106340;30905713;102831425,000000;9,724654;0,000000;0,000000;1,000000
arm;rcu;rcu;1;0;90;309032017;278124511;30907506;102838382,000000;9,723996;0,000000;0,000000;1,000000
arm;rcu;rcu;1;0;90;304433170;273986016;30447154;101307890,000000;9,870899;0,000000;0,000000;1,000000
arm;rcu;rcu;1;0;90;304869812;274379131;30490681;101453340,000000;9,856748;0,000000;0,000000;1,000000
arm;rcu;rcu;1;0;90;312905986;281611111;31294875;104258400,000000;9,591553;0,000000;0,000000;1,000000
arm;rcu;rcu;2;0;90;136807113;123120638;13686475;45526082,000000;21,965430;68296057,000000;68511056,000000;0,996862
arm;rcu;rcu;2;0;90;134570693;121108819;13461874;44781808,000000;22,330496;67089875,000000;67480818,000000;0,994207
arm;rcu;rcu;2;0;90;135458719;121906744;13551975;45077205,000000;22,184161;67712482,000000;67746237,000000;0,999502
arm;rcu;rcu;2;0;90;135225468;121698055;13527413;45019772,000000;22,212462;67244041,000000;67981427,000000;0,989153
arm;rcu;rcu;2;0;90;137540512;123780663;13759849;45769982,000000;21,848381;68509887,000000;69030625,000000;0,992456
arm;rcu;rcu;4;0;90;122411567;110171001;12240566;40735437,000000;24,548650;25942726,000000;35219727,000000;0,736596
arm;rcu;rcu;4;0;90;121537540;109382451;12155089;40444571,000000;24,725197;26122425,000000;33542761,000000;0,778780
arm;rcu;rcu;4;0;90;121753226;109578479;12174747;40516371,000000;24,681381;27209062,000000;33489384,000000;0,812468
arm;rcu;rcu;4;0;90;122183129;109964989;12218140;40659357,000000;24,594585;26962435,000000;33813365,000000;0,797390
arm;rcu;rcu;4;0;90;121476182;109329808;12146374;40424225,000000;24,737642;27256523,000000;32938133,000000;0,827507
arm;rcu;rcu;6;0;90;48428818;43586547;4842271;16115743,000000;62,051124;6560086,000000;9138608,000000;0,717843
arm;rcu;rcu;6;0;90;48158125;43342999;4815126;16025690,000000;62,399809;6222932,000000;9574539,000000;0,649946
arm;rcu;rcu;6;0;90;48579829;43722149;4857680;16190636,000000;61,764095;6638043,000000;10019574,000000;0,662508
arm;rcu;rcu;6;0;90;48347121;43512368;4834753;16103576,000000;62,098005;6142744,000000;9795602,000000;0,627092
arm;rcu;rcu;6;0;90;47773909;42996661;4777248;15893222,000000;62,919903;5954036,000000;9954506,000000;0,598125
arm;ttas;mutex;4;50;100;100026483;0;100026483;33233761,000000;30,089883;17425654,000000;37007307,000000;0,470871
arm;ttas;mutex;4;50;100;99733636;0;99733636;33140595,000000;30,174473;21625375,000000;28498326,000000;0,758830
arm;ttas;mutex;4;50;100;100139757;0;100139757;33268530,000000;30,058436;19464071,000000;31194402,000000;0,623960
arm;ttas;mutex;4;50;100;100160669;0;100160669;33275440,000000;30,052194;22957124,000000;28903132,000000;0,794278
arm;ttas;mutex;4;50;100;100091215;0;100091215;33252473,000000;30,072951;19362052,000000;32417257,000000;0,597276
arm;ttas;mutex;4;100;100;49973182;0;49973182;16602131,000000;60,233231;10138436,000000;16552561,000000;0,612500
arm;ttas;mutex;4;100;100;50080497;0;50080497;16637789,000000;60,104138;9552232,000000;19867023,000000;0,480808
arm;ttas;mutex;4;100;100;50005862;0;50005862;16612889,000000;60,194226;4756604,000000;19753099,000000;0,240803
arm;ttas;mutex;4;100;100;50022717;0;50022717;16618609,000000;60,173507;9810279,000000;16609905,000000;0,590628
arm;ttas;mutex;4;100;100;50063634;0;50063634;16647872,000000;60,067736;10458087,000000;15571616,000000;0,671612
arm;ttas;mutex;4;500;100;19593766;0;19593766;6509470,000000;153,622322;2429418,000000;7157622,000000;0,339417
arm;ttas;mutex;4;500;100;19609356;0;19609356;6514659,000000;153,499967;2507096,000000;7497353,000000;0,334397
arm;ttas;mutex;4;500;100;19586605;0;19586605;6507084,000000;153,678666;3158325,000000;6279354,000000;0,502970
arm;ttas;mutex;4;500;100;19552058;0;19552058;6509858,000000;153,613181;4028325,000000;6205899,000000;0,649112
arm;ttas;mutex;4;500;100;19588992;0;19588992;6510153,000000;153,606202;2006169,000000;6536674,000000;0,306910
arm;ttas;mutex;4;1000;100;10258733;0;10258733;3418567,000000;292,520204;708909,000000;4158503,000000;0,170472
arm;ttas;mutex;4;1000;100;10283545;0;10283545;3419206,000000;292,465552;1059263,000000;3191113,000000;0,331942
arm;ttas;mutex;4;1000;100;10287242;0;10287242;3417643,000000;292,599274;1149701,000000;3721157,000000;0,308963
arm;ttas;mutex;4;1000;100;10298605;0;10298605;3421369,000000;292,280641;1820701,000000;3276760,000000;0,555641
arm;ttas;mutex;4;1000;100;10286833;0;10286833;3417497,000000;292,611795;1583114,000000;4259949,000000;0,371627
arm;ttas;mutex;4;5000;100;2144327;0;2144327;712388,000000;1403,728905;231963,000000;897202,000000;0,258540
arm;ttas;mutex;4;5000;100;2144054;0;2144054;712355,000000;1403,794207;247956,000000;845824,000000;0,293153
arm;ttas;mutex;4;5000;100;2137698;0;2137698;710188,000000;1408,076624;65720,000000;875664,000000;0,075052
arm;ttas;mutex;4;5000;100;2143768;0;2143768;712201,000000;1404,096199;402511,000000;697415,000000;0,577147
arm;ttas;mutex;4;5000;100;2141584;0;2141584;711478,000000;1405,524758;238000,000000;767697,000000;0,310018
intel;tas;mutex;1;0;100;344100625;0;344100625;114688301,000000;8,719285;0,000000;0,000000;1,000000
intel;tas;mutex;1;0;100;344418159;0;344418159;114793999,000000;8,711257;0,000000;0,000000;1,000000
intel;tas;mutex;1;0;100;348769163;0;348769163;116244349,000000;8,602569;0,000000;0,000000;1,000000
intel;tas;mutex;1;0;100;349000062;0;349000062;116321317,000000;8,596876;0,000000;0,000000;1,000000
intel;tas;mutex;1;0;100;346340728;0;346340728;115254817,000000;8,676427;0,000000;0,000000;1,000000
intel;tas;mutex;2;0;100;73754731;0;73754731;24582301,000000;40,679674;7740080,000000;66014651,000000;0,117248
intel;tas;mutex;2;0;100;68794108;0;68794108;22929578,000000;43,611791;6249147,000000;62544961,000000;0,099914
intel;tas;mutex;2;0;100;69366271;0;69366271;23120228,000000;43,252168;7367547,000000;61998724,000000;0,118834
intel;tas;mutex;2;0;100;74534671;0;74534671;24842971,000000;40,252834;8331123,000000;66203548,000000;0,125841
intel;tas;mutex;2;0;100;65379816;0;65379816;21791145,000000;45,890199;6924676,000000;58455140,000000;0,118461
intel;tas;mutex;4;0;100;19596518;0;19596518;6531557,000000;153,102843;3408971,000000;6650339,000000;0,512601
intel;tas;mutex;4;0;100;16106518;0;16106518;5368289,000000;186,279086;2738169,000000;5289667,000000;0,517645
intel;tas;mutex;4;0;100;18080079;0;18080079;6026141,000000;165,943673;2813724,000000;6315649,000000;0,445516
intel;tas;mutex;4;0;100;19571422;0;19571422;6523183,000000;153,299388;3493837,000000;6659307,000000;0,524655
intel;tas;mutex;4;0;100;18800526;0;18800526;6266288,000000;159,584087;2805036,000000;6153787,000000;0,455823
intel;tas;mutex;6;0;100;10071934;0;10071934;3356849,000000;297,898407;1180743,000000;2294569,000000;0,514582
intel;tas;mutex;6;0;100;10512115;0;10512115;3503523,000000;285,426973;1142256,000000;2571163,000000;0,444257
intel;tas;mutex;6;0;100;10130074;0;10130074;3376198,000000;296,191136;1114740,000000;2461380,000000;0,452892
intel;tas;mutex;6;0;100;10133342;0;10133342;3377249,000000;296,098921;1066851,000000;2477680,000000;0,430585
intel;tas;mutex;6;0;100;10531457;0;10531457;3509967,000000;284,902885;1094449,000000;2426204,000000;0,451095
intel;ttas;mutex;1;0;100;348121957;0;348121957;116032798,000000;8,618253;0,000000;0,000000;1,000000
intel;ttas;mutex;1;0;100;347401233;0;347401233;115794127,000000;8,636017;0,000000;0,000000;1,000000
intel;ttas;mutex;1;0;100;348389962;0;348389962;116118103,000000;8,611922;0,000000;0,000000;1,000000
intel;ttas;mutex;1;0;100;347185648;0;347185648;115722552,000000;8,641358;0,000000;0,000000;1,000000
intel;ttas;mutex;1;0;100;349263816;0;349263816;116412213,000000;8,590164;0,000000;0,000000;1,000000
intel;ttas;mutex;2;0;100;65376628;0;65376628;21790007,000000;45,892596;7010692,000000;58365936,000000;0,120116
intel;ttas;mutex;2;0;100;60710404;0;60710404;20234764,000000;49,419898;9587470,000000;51122934,000000;0,187538
intel;ttas;mutex;2;0;100;65641930;0;65641930;21878295,000000;45,707400;8390568,000000;57251362,000000;0,146557
intel;ttas;mutex;2;0;100;60479152;0;60479152;20157644,000000;49,608972;8013142,000000;52466010,000000;0,152730
intel;ttas;mutex;2;0;100;62893902;0;62893902;20929751,000000;47,778877;4711572,000000;71016135,000000;0,066345
intel;ttas;mutex;4;0;100;19357679;0;19357679;6451741,000000;154,996916;2883960,000000;7596913,000000;0,379623
intel;ttas;mutex;4;0;100;20275164;0;20275164;6757763,000000;147,977946;3447991,000000;8246604,000000;0,418110
intel;ttas;mutex;4;0;100;19739669;0;19739669;6579184,000000;151,994528;2775272,000000;6427443,000000;0,431785
intel;ttas;mutex;4;0;100;21093148;0;21093148;7030215,000000;142,243159;4461121,000000;6500090,000000;0,686317
intel;ttas;mutex;4;0;100;21058059;0;21058059;7018602,000000;142,478497;4452570,000000;6227025,000000;0,715040
intel;ttas;mutex;4;0;100;21432077;0;21432077;7143053,000000;139,996144;4201999,000000;6746607,000000;0,622831
intel;ttas;mutex;4;0;100;21032920;0;21032920;7010044,000000;142,652454;4277909,000000;6237765,000000;0,685808
intel;ttas;mutex;4;0;100;20088130;0;20088130;6695124,000000;149,362414;3507270,000000;6522884,000000;0,537687
intel;ttas;mutex;4;0;100;21087151;0;21087151;7028158,000000;142,284777;4695173,000000;6292100,000000;0,746201
intel;ttas;mutex;4;0;100;19707482;0;19707482;6568507,000000;152,241585;2871531,000000;6465392,000000;0,444139
intel;ttas;mutex;6;0;100;14409459;0;14409459;4802483,000000;208,225578;1475196,000000;4459098,000000;0,330828
intel;ttas;mutex;6;0;100;15005786;0;15005786;5001036,000000;199,958553;1864192,000000;3180739,000000;0,586088
intel;ttas;mutex;6;0;100;14439169;0;14439169;4812267,000000;207,802241;1601454,000000;3739523,000000;0,428251
intel;ttas;mutex;6;0;100;14302992;0;14302992;4766943,000000;209,778045;1639977,000000;3556396,000000;0,461135
intel;ttas;mutex;6;0;100;14912522;0;14912522;4970139,000000;201,201589;1461976,000000;4055976,000000;0,360450
intel;cas;mutex;1;0;100;348728685;0;348728685;116233634,000000;8,603362;0,000000;0,000000;1,000000
intel;cas;mutex;1;0;100;348009509;0;348009509;115997234,000000;8,620895;0,000000;0,000000;1,000000
intel;cas;mutex;1;0;100;347798966;0;347798966;115923667,000000;8,626366;0,000000;0,000000;1,000000
intel;cas;mutex;1;0;100;347602458;0;347602458;115856727,000000;8,631350;0,000000;0,000000;1,000000
intel;cas;mutex;1;0;100;348746951;0;348746951;116239798,000000;8,602905;0,000000;0,000000;1,000000
intel;cas;mutex;2;0;100;59716427;0;59716427;19903355,000000;50,242785;23674504,000000;36041923,000000;0,656860
intel;cas;mutex;2;0;100;68787408;0;68787408;22927055,000000;43,616591;8047474,000000;60739934,000000;0,132491
intel;cas;mutex;2;0;100;65065247;0;65065247;21686239,000000;46,112190;10338085,000000;54727162,000000;0,188902
intel;cas;mutex;2;0;100;65830375;0;65830375;21941232,000000;45,576292;24716544,000000;41113831,000000;0,601173
intel;cas;mutex;2;0;100;66176598;0;66176598;22022162,000000;45,408801;4976408,000000;73726410,000000;0,067498
intel;cas;mutex;4;0;100;20199997;0;20199997;6732430,000000;148,534770;2829944,000000;7995575,000000;0,353939
intel;cas;mutex;4;0;100;21704144;0;21704144;7233919,000000;138,237640;4344396,000000;6265937,000000;0,693335
intel;cas;mutex;4;0;100;19945180;0;19945180;6647559,000000;150,431140;3873855,000000;5895416,000000;0,657096
intel;cas;mutex;4;0;100;21756551;0;21756551;7251398,000000;137,904437;4470661,000000;6323694,000000;0,706970
intel;cas;mutex;4;0;100;21081517;0;21081517;7026258,000000;142,323261;2871500,000000;8470733,000000;0,338991
intel;cas;mutex;6;0;100;15343764;0;15343764;5113695,000000;195,553302;1773019,000000;3690148,000000;0,480474
intel;cas;mutex;6;0;100;15106107;0;15106107;5034511,000000;198,628987;1548814,000000;4463553,000000;0,346991
intel;cas;mutex;6;0;100;15875526;0;15875526;5290954,000000;189,001825;1521205,000000;4559809,000000;0,333612
intel;cas;mutex;6;0;100;15065378;0;15065378;5020958,000000;199,165167;1575824,000000;4122500,000000;0,382250
intel;cas;mutex;6;0;100;15323918;0;15323918;5099473,000000;196,098674;1700149,000000;2471449,000000;0,687916
intel;ticket;mutex;1;0;100;380354621;0;380354621;126774180,000000;7,888042;0,000000;0,000000;1,000000
intel;ticket;mutex;1;0;100;380199098;0;380199098;126721745,000000;7,891305;0,000000;0,000000;1,000000
intel;ticket;mutex;1;0;100;380239301;0;380239301;126736231,000000;7,890403;0,000000;0,000000;1,000000
intel;ticket;mutex;1;0;100;380437357;0;380437357;126801419,000000;7,886347;0,000000;0,000000;1,000000
intel;ticket;mutex;1;0;100;380582717;0;380582717;126850467,000000;7,883298;0,000000;0,000000;1,000000
intel;ticket;mutex;2;0;100;15198240;0;15198240;5065573,000000;197,411017;5897011,000000;9301229,000000;0,634003
intel;ticket;mutex;2;0;100;14602769;0;14602769;4867094,000000;205,461406;7112693,000000;7490076,000000;0,949616
intel;ticket;mutex;2;0;100;21289340;0;21289340;7095643,000000;140,931548;6521492,000000;14767848,000000;0,441601
intel;ticket;mutex;2;0;100;14259568;0;14259568;4745280,000000;210,735697;6682862,000000;23631698,000000;0,282792
intel;ticket;mutex;2;0;100;17645003;0;17645003;5871881,000000;170,303173;6583463,000000;18926150,000000;0,347850
intel;ticket;mutex;4;0;100;7235694;0;7235694;2411645,000000;414,654615;1801389,000000;1816270,000000;0,991807
intel;ticket;mutex;4;0;100;7008499;0;7008499;2335867,000000;428,106399;1749520,000000;1754577,000000;0,997118
intel;ticket;mutex;4;0;100;6815367;0;6815367;2271550,000000;440,227960;1703706,000000;1703968,000000;0,999846
intel;ticket;mutex;4;0;100;7881270;0;7881270;2626839,000000;380,685612;1967147,000000;1973505,000000;0,996778
intel;ticket;mutex;4;0;100;7173224;0;7173224;2387096,000000;418,919024;2203326,000000;2206984,000000;0,998343
intel;ticket;mutex;6;0;100;7628930;0;7628930;2542554,000000;393,305167;1266784,000000;1276124,000000;0,992681
intel;ticket;mutex;6;0;100;7005141;0;7005141;2334749,000000;428,311387;1166970,000000;1168079,000000;0,999051
intel;ticket;mutex;6;0;100;7130424;0;7130424;2376447,000000;420,796095;1188194,000000;1188614,000000;0,999647
intel;ticket;mutex;6;0;100;7219035;0;7219034;2402341,000000;416,260622;992300,000000;992950,000000;0,999345
intel;ticket;mutex;6;0;100;7273951;0;7273951;2420615,000000;413,117988;1021097,000000;1021366,000000;0,999737
intel;rw;mutex;1;0;100;349079781;0;349079781;116349138,000000;8,594821;0,000000;0,000000;1,000000
intel;rw;mutex;1;0;100;347101002;0;347101002;115689436,000000;8,643832;0,000000;0,000000;1,000000
intel;rw;mutex;1;0;100;347741967;0;347741967;115903501,000000;8,627867;0,000000;0,000000;1,000000
intel;rw;mutex;1;0;100;347581498;0;347581498;115850974,000000;8,631779;0,000000;0,000000;1,000000
intel;rw;mutex;1;0;100;347659908;0;347659908;115876295,000000;8,629893;0,000000;0,000000;1,000000
intel;rw;mutex;2;0;100;70364157;0;70364157;23452358,000000;42,639634;26406327,000000;43957830,000000;0,600720
intel;rw;mutex;2;0;100;73039674;0;73039674;24343950,000000;41,077968;9340057,000000;63699617,000000;0,146627
intel;rw;mutex;2;0;100;74240859;0;74240859;24744667,000000;40,412748;8226155,000000;66014704,000000;0,124611
intel;rw;mutex;2;0;100;71507610;0;71507610;23833729,000000;41,957345;7217560,000000;64290050,000000;0,112266
intel;rw;mutex;2;0;100;67363717;0;67363717;22452086,000000;44,539291;7448259,000000;59915458,000000;0,124313
intel;rw;mutex;4;0;100;18287003;0;18287003;6094964,000000;164,069858;3005741,000000;6198705,000000;0,484898
intel;rw;mutex;4;0;100;18534783;0;18534783;6177709,000000;161,872289;3106431,000000;6054076,000000;0,513114
intel;rw;mutex;4;0;100;17988237;0;17988237;5995392,000000;166,794764;3723773,000000;5033627,000000;0,739779
intel;rw;mutex;4;0;100;18052201;0;18052201;6016626,000000;166,206106;3863657,000000;5208067,000000;0,741860
intel;rw;mutex;4;0;100;19714490;0;19714490;6570819,000000;152,188023;3515879,000000;6597541,000000;0,532907
intel;rw;mutex;6;0;100;10143217;0;10143217;3380590,000000;295,806341;1087956,000000;2375839,000000;0,457925
intel;rw;mutex;6;0;100;10176752;0;10176752;3391766,000000;294,831659;1103993,000000;2463301,000000;0,448176
intel;rw;mutex;6;0;100;10646241;0;10646241;3548150,000000;281,836979;1526728,000000;2057511,000000;0,742027
intel;rw;mutex;6;0;100;10919579;0;10919579;3639335,000000;274,775467;1606021,000000;2083401,000000;0,770865
intel;rw;mutex;6;0;100;11249575;0;11249575;3749206,000000;266,723081;1559965,000000;2238320,000000;0,696936
intel;occ;mutex;1;0;100;169568888;0;169568888;56518177,000000;17,693423;0,000000;0,000000;1,000000
intel;occ;mutex;1;0;100;169213027;0;169213027;56399485,000000;17,730658;0,000000;0,000000;1,000000
intel;occ;mutex;1;0;100;169166421;0;169166421;56383421,000000;17,735710;0,000000;0,000000;1,000000
intel;occ;mutex;1;0;100;169261496;0;169261496;56415718,000000;17,725557;0,000000;0,000000;1,000000
intel;occ;mutex;1;0;100;169522967;0;169522967;56502464,000000;17,698343;0,000000;0,000000;1,000000
intel;occ;mutex;2;0;100;43410237;0;43410237;14468673,000000;69,114836;17177399,000000;26232838,000000;0,654805
intel;occ;mutex;2;0;100;44594421;0;44594421;14863611,000000;67,278401;6345088,000000;38249333,000000;0,165888
intel;occ;mutex;2;0;100;48324906;0;48324906;16107058,000000;62,084583;7297707,000000;41027199,000000;0,177875
intel;occ;mutex;2;0;100;45741100;0;45741100;15221663,000000;65,695840;4983579,000000;27466261,000000;0,181444
intel;occ;mutex;2;0;100;46935403;0;46935403;15619102,000000;64,024165;12553236,000000;21498485,000000;0,583913
intel;occ;mutex;4;0;100;11158972;0;11158972;3719345,000000;268,864544;2377981,000000;3217969,000000;0,738970
intel;occ;mutex;4;0;100;12037099;0;12037099;4011902,000000;249,258294;1606816,000000;6216888,000000;0,258460
intel;occ;mutex;4;0;100;11198631;0;11198631;3732528,000000;267,914880;2327583,000000;3532859,000000;0,658838
intel;occ;mutex;4;0;100;9987869;0;9987869;3328899,000000;300,399579;2028167,000000;3342379,000000;0,606803
intel;occ;mutex;4;0;100;11372166;0;11372166;3784414,000000;264,241658;2783496,000000;4962156,000000;0,560945
intel;occ;mutex;6;0;100;11736586;0;11736586;3911627,000000;255,648081;1535581,000000;2486037,000000;0,617682
intel;occ;mutex;6;0;100;11176521;0;11176521;3724851,000000;268,467081;1296785,000000;2699158,000000;0,480441
intel;occ;mutex;6;0;100;10989569;0;10989569;3662524,000000;273,035721;1324734,000000;2530555,000000;0,523495
intel;occ;mutex;6;0;100;10827882;0;10827882;3608737,000000;277,105251;1228124,000000;2540076,000000;0,483499
intel;occ;mutex;6;0;100;11204510;0;11204510;3728622,000000;268,195575;1347011,000000;2163744,000000;0,622537
intel;rw;rw;1;0;80;155836002;124669599;31166403;51941839,000000;19,252303;0,000000;0,000000;1,000000
intel;rw;rw;1;0;80;155562605;124450883;31111722;51849139,000000;19,286723;0,000000;0,000000;1,000000
intel;rw;rw;1;0;80;155433204;124347739;31085465;51806454,000000;19,302614;0,000000;0,000000;1,000000
intel;rw;rw;1;0;80;155817794;124654969;31162825;51934273,000000;19,255107;0,000000;0,000000;1,000000
intel;rw;rw;1;0;80;155488150;124391697;31096453;51825837,000000;19,295395;0,000000;0,000000;1,000000
intel;rw;rw;2;0;80;14105520;11283919;2821601;4701365,000000;212,704153;5723215,000000;8382305,000000;0,682773
intel;rw;rw;2;0;80;13662206;10928536;2733670;4553753,000000;219,599078;4136616,000000;9525590,000000;0,434263
intel;rw;rw;2;0;80;12612560;10089709;2522851;4203831,000000;237,878245;4021106,000000;8591454,000000;0,468036
intel;rw;rw;2;0;80;14314520;11452589;2861931;4770976,000000;209,600699;5635824,000000;8678696,000000;0,649386
intel;rw;rw;2;0;80;13218768;10574312;2644456;4405786,000000;226,974221;4021326,000000;9197442,000000;0,437222
intel;rw;rw;4;0;80;9860239;7888583;1971656;3286405,000000;304,283777;1483433,000000;3377882,000000;0,439161
intel;rw;rw;4;0;80;8504728;6804681;1700047;2834546,000000;352,790090;1780175,000000;2650133,000000;0,671730
intel;rw;rw;4;0;80;8800849;7041792;1759057;2933242,000000;340,919649;1841030,000000;2546475,000000;0,722972
intel;rw;rw;4;0;80;9053323;7243110;1810213;3017398,000000;331,411363;1797546,000000;2838819,000000;0,633202
intel;rw;rw;4;0;80;8839972;7072677;1767294;2941754,000000;339,933203;1636513,000000;3766937,000000;0,434441
intel;rw;rw;6;0;80;9535887;7629153;1906734;3178107,000000;314,652620;1110837,000000;2081362,000000;0,533707
intel;rw;rw;6;0;80;9436484;7549502;1886982;3144948,000000;317,970252;1120140,000000;2019372,000000;0,554697
intel;rw;rw;6;0;80;9389554;7511924;1877630;3129294,000000;319,560815;1104092,000000;2037821,000000;0,541800
intel;rw;rw;6;0;80;8473611;6777757;1695854;2824080,000000;354,097524;1019601,000000;1829101,000000;0,557433
intel;rw;rw;6;0;80;8958280;7166427;1791852;2981124,000000;335,443858;894209,000000;1599974,000000;0,558890
intel;occ;rw;1;0;80;264419609;211541555;52878054;88132984,000000;11,346490;0,000000;0,000000;1,000000
intel;occ;rw;1;0;80;263848372;211084362;52764010;87941849,000000;11,371150;0,000000;0,000000;1,000000
intel;occ;rw;1;0;80;263994015;211200554;52793461;87991054,000000;11,364792;0,000000;0,000000;1,000000
intel;occ;rw;1;0;80;264303432;211448971;52854461;88093649,000000;11,351556;0,000000;0,000000;1,000000
intel;occ;rw;1;0;80;264513207;211616651;52896556;88163628,000000;11,342546;0,000000;0,000000;1,000000
intel;occ;rw;2;0;80;20085036;16069628;4015408;6694255,000000;149,381805;8475552,000000;11609484,000000;0,730054
intel;occ;rw;2;0;80;22257229;17804071;4453158;7418250,000000;134,802666;6197156,000000;16060073,000000;0,385873
intel;occ;rw;2;0;80;19321411;15457219;3864192;6439824,000000;155,283732;5544622,000000;13776789,000000;0,402461
intel;occ;rw;2;0;80;21959015;17565455;4393560;7318920,000000;136,632167;6280931,000000;15678084,000000;0,400619
intel;occ;rw;2;0;80;22949234;18357388;4591846;7649047,000000;130,735226;6459222,000000;16490012,000000;0,391705
intel;occ;rw;4;0;80;16492229;13192308;3299921;5496621,000000;181,929930;3255377,000000;5350996,000000;0,608368
intel;occ;rw;4;0;80;16121167;12896053;3225114;5373267,000000;186,106483;3390832,000000;4738258,000000;0,715628
intel;occ;rw;4;0;80;16407785;13125183;3282602;5468518,000000;182,864879;2535099,000000;5113160,000000;0,495799
intel;occ;rw;4;0;80;16720265;13375095;3345170;5572670,000000;179,447192;2472759,000000;5506171,000000;0,449089
intel;occ;rw;4;0;80;15443438;12353188;3090250;5147143,000000;194,282507;2695927,000000;4628460,000000;0,582467
intel;occ;rw;6;0;80;14972769;11980011;2992758;4990281,000000;200,389500;2003873,000000;3083871,000000;0,649791
intel;occ;rw;6;0;80;15676023;12543112;3132911;5224445,000000;191,407865;2177364,000000;3057405,000000;0,712161
intel;occ;rw;6;0;80;15705842;12566740;3139102;5234592,000000;191,036852;2404611,000000;3065514,000000;0,784407
intel;occ;rw;6;0;80;15552176;12441740;3110436;5175432,945092;193,220550;2166445,500000;3061459,500000;0,708742
intel;occ;rw;6;0;80;15546599;12440080;3106519;5181322,000000;193,000904;2155527,000000;3056086,000000;0,705323
intel;rw;rw;1;0;95;148137031;140730289;7406742;49375044,000000;20,253146;0,000000;0,000000;1,000000
intel;rw;rw;1;0;95;148048184;140645695;7402489;49345380,000000;20,265322;0,000000;0,000000;1,000000
intel;rw;rw;1;0;95;148099210;140694255;7404955;49361545,000000;20,258685;0,000000;0,000000;1,000000
intel;rw;rw;1;0;95;145914522;138618988;7295534;48634022,000000;20,561737;0,000000;0,000000;1,000000
intel;rw;rw;1;0;95;148121303;140715246;7406057;49369849,000000;20,255277;0,000000;0,000000;1,000000
intel;rw;rw;2;0;95;15616996;14835544;781452;5205118,000000;192,118593;5526168,000000;10090828,000000;0,547643
intel;rw;rw;2;0;95;17627170;16746711;880459;5875237,000000;170,205880;5135777,000000;12491393,000000;0,411145
intel;rw;rw;2;0;95;18737121;17801098;936023;6245064,000000;160,126449;6004444,000000;12732677,000000;0,471578
intel;rw;rw;2;0;95;16889936;16046271;843665;5629384,000000;177,639303;7139825,000000;9750111,000000;0,732281
intel;rw;rw;2;0;95;17379123;16510700;868422;5783401,000000;172,908610;4086634,000000;7724837,000000;0,529025
intel;rw;rw;4;0;95;13774408;13084860;689548;4591026,000000;217,816191;2864439,000000;4750995,000000;0,602913
intel;rw;rw;4;0;95;13673951;12989715;684236;4557393,000000;219,423657;2517304,000000;4488897,000000;0,560785
intel;rw;rw;4;0;95;14016075;13314614;701461;4671398,000000;214,068651;2765107,000000;4673407,000000;0,591668
intel;rw;rw;4;0;95;12116102;11509452;606650;4038250,000000;247,632007;2315242,000000;3950249,000000;0,586100
intel;rw;rw;4;0;95;13961974;13263256;698717;4646247,000000;215,227446;2191630,000000;3710875,000000;0,590597
intel;rw;rw;6;0;95;10986754;10436504;550250;3661616,000000;273,103433;1647434,000000;2004502,000000;0,821867
intel;rw;rw;6;0;95;10323641;9806841;516800;3440656,000000;290,642233;1256803,000000;2195050,000000;0,572562
intel;rw;rw;6;0;95;11210886;10650577;560309;3736275,000000;267,646204;1320100,000000;2469091,000000;0,534650
intel;rw;rw;6;0;95;10916647;10370061;546586;3638269,000000;274,855973;1326304,000000;2361493,000000;0,561638
intel;rw;rw;6;0;95;10673467;10139307;534160;3557180,000000;281,121542;1316905,000000;2260543,000000;0,582561
intel;occ;rw;1;0;95;341040406;323986939;17053467;113670657,000000;8,797345;0,000000;0,000000;1,000000
intel;occ;rw;1;0;95;340308145;323291129;17017016;113426957,000000;8,816246;0,000000;0,000000;1,000000
intel;occ;rw;1;0;95;338651222;321717266;16933956;112872920,000000;8,859521;0,000000;0,000000;1,000000
intel;occ;rw;1;0;95;338967248;322017411;16949837;112980071,000000;8,851118;0,000000;0,000000;1,000000
intel;occ;rw;1;0;95;338966377;322016531;16949846;112978295,000000;8,851258;0,000000;0,000000;1,000000
intel;occ;rw;2;0;95;51141201;48583349;2557852;17045159,000000;58,667683;14952370,000000;36188831,000000;0,413176
intel;occ;rw;2;0;95;56345999;53527824;2818175;18780063,000000;53,247955;14697847,000000;41648152,000000;0,352905
intel;occ;rw;2;0;95;52115668;49509332;2606336;17370004,000000;57,570508;14014617,000000;38101051,000000;0,367828
intel;occ;rw;2;0;95;48143891;45735985;2407906;16046715,000000;62,318047;13248973,000000;34894918,000000;0,379682
intel;occ;rw;2;0;95;52007314;49406281;2601032;17306926,000000;57,780335;15728240,000000;45890715,000000;0,342733
intel;occ;rw;4;0;95;48111292;45704425;2406867;16035792,000000;62,360496;6504715,000000;14327541,000000;0,454001
intel;occ;rw;4;0;95;53693868;51008741;2685127;17896245,000000;55,877640;8116087,000000;16242991,000000;0,499667
intel;occ;rw;4;0;95;54874979;52131227;2743752;18289864,000000;54,675090;6484508,000000;18415417,000000;0,352124
intel;occ;rw;4;0;95;52591138;49960719;2630419;17528169,000000;57,051023;7152086,000000;16002994,000000;0,446922
intel;occ;rw;4;0;95;53235984;50573993;2661991;17743157,000000;56,359755;4970743,000000;19288325,000000;0,257707
intel;occ;rw;6;0;95;49198651;46738718;2459933;16372263,227953;61,078910;6869371,500000;10230071,000000;0,682956
intel;occ;rw;6;0;95;49633395;47152658;2480737;16541902,000000;60,452540;7069007,000000;9309390,000000;0,759342
intel;occ;rw;6;0;95;49031955;46582889;2449066;16340924,000000;61,196049;6763714,000000;11150752,000000;0,606570
intel;occ;rw;6;0;95;48952548;46505761;2446787;16315315,000000;61,292102;6975029,000000;9138121,000000;0,763289
intel;occ;rw;6;0;95;49449183;46978356;2470827;16480903,000000;60,676287;6475992,000000;12314533,000000;0,525882
intel;rcu;rcu;1;0;90;256703144;231035751;25667393;85562629,000000;11,687345;0,000000;0,000000;1,000000
intel;rcu;rcu;1;0;90;256010917;230413212;25597705;85331961,000000;11,718938;0,000000;0,000000;1,000000
intel;rcu;rcu;1;0;90;256541783;230891335;25650448;85508806,000000;11,694702;0,000000;0,000000;1,000000
intel;rcu;rcu;1;0;90;256549883;230899393;25650490;85511512,000000;11,694332;0,000000;0,000000;1,000000
intel;rcu;rcu;1;0;90;256506460;230859010;25647450;85496616,000000;11,696369;0,000000;0,000000;1,000000
intel;rcu;rcu;2;0;90;23591130;21229525;2361605;7863159,000000;127,175336;8248154,000000;15342976,000000;0,537585
intel;rcu;rcu;2;0;90;22020443;19817155;2203288;7339658,000000;136,246118;9759666,000000;12260777,000000;0,796007
intel;rcu;rcu;2;0;90;22482379;20232085;2250294;7493536,000000;133,448343;7999972,000000;14482407,000000;0,552392
intel;rcu;rcu;2;0;90;23005403;20704210;2301193;7667930,000000;130,413292;10338424,000000;12666979,000000;0,816171
intel;rcu;rcu;2;0;90;21925195;19731950;2193245;7307874,000000;136,838689;9275455,000000;12649740,000000;0,733253
intel;rcu;rcu;4;0;90;20624820;18564587;2060233;6874612,000000;145,462736;4916525,000000;5660581,000000;0,868555
intel;rcu;rcu;4;0;90;21768932;19594769;2174163;7255966,000000;137,817611;4848584,000000;6564787,000000;0,738574
intel;rcu;rcu;4;0;90;20143600;18131448;2012152;6714206,000000;148,937936;4441907,000000;5662856,000000;0,784393
intel;rcu;rcu;4;0;90;20773983;18698849;2075134;6924337,000000;144,418149;4569242,000000;6331682,000000;0,721647
intel;rcu;rcu;4;0;90;20367389;18333287;2034102;6788663,000000;147,304390;4707258,000000;5936337,000000;0,792957
intel;rcu;rcu;6;0;90;19478844;17531734;1947110;6492229,000000;154,030298;2931614,000000;3621434,000000;0,809517
intel;rcu;rcu;6;0;90;19831814;17849426;1982388;6609896,000000;151,288297;2948306,000000;3656417,000000;0,806337
intel;rcu;rcu;6;0;90;17237417;15514833;1722584;5745146,000000;174,059953;2559873,000000;3176482,000000;0,805883
intel;rcu;rcu;6;0;90;19613705;17652455;1961250;6537185,000000;152,971034;2951540,000000;3545884,000000;0,832385
intel;rcu;rcu;6;0;90;19153472;17239273;1914199;6383725,000000;156,648339;2793945,000000;3527171,000000;0,792121
intel;ttas;mutex;4;50;100;10499933;0;10499933;3499564,000000;285,749874;1488554,000000;3768071,000000;0,395044
intel;ttas;mutex;4;50;100;10084627;0;10084627;3361099,000000;297,521668;650024,000000;5672097,000000;0,114600
intel;ttas;mutex;4;50;100;10453261;0;10453261;3484071,000000;287,020534;738497,000000;4470281,000000;0,165201
intel;ttas;mutex;4;50;100;10397275;0;10397275;3465296,000000;288,575615;875981,000000;4746137,000000;0,184567
intel;ttas;mutex;4;50;100;10394649;0;10394649;3464441,000000;288,646810;780460,000000;5832889,000000;0,133803
intel;ttas;mutex;4;100;100;8730720;0;8730720;2909926,000000;343,651350;1485657,000000;2530889,000000;0,587010
intel;ttas;mutex;4;100;100;8549076;0;8549076;2849387,000000;350,952608;64373,000000;4618870,000000;0,013937
intel;ttas;mutex;4;100;100;8912279;0;8912279;2970434,000000;336,651063;1401084,000000;2828491,000000;0,495347
intel;ttas;mutex;4;100;100;8472403;0;8472403;2823877,000000;354,122957;1080266,000000;2923598,000000;0,369499
intel;ttas;mutex;4;100;100;8654228;0;8654228;2884441,000000;346,687623;1379284,000000;2854813,000000;0,483143
intel;ttas;mutex;4;500;100;5732271;0;5732271;1910550,000000;523,409450;1257666,000000;1642849,000000;0,765540
intel;ttas;mutex;4;500;100;6005524;0;6005524;2001648,000000;499,588111;521403,000000;2865851,000000;0,181937
intel;ttas;mutex;4;500;100;6059048;0;6059048;2019426,000000;495,189997;266236,000000;3781975,000000;0,070396
intel;ttas;mutex;4;500;100;5963023;0;5963023;1987410,000000;503,167250;418587,000000;2562942,000000;0,163323
intel;ttas;mutex;4;500;100;5715006;0;5715006;1904736,000000;525,006918;335014,000000;3631879,000000;0,092243
intel;ttas;mutex;4;1000;100;5287526;0;5287526;1762292,000000;567,442682;420476,000000;2099340,000000;0,200290
intel;ttas;mutex;4;1000;100;5349323;0;5349323;1782901,000000;560,883525;575190,000000;2075916,000000;0,277078
intel;ttas;mutex;4;1000;100;5576912;0;5576912;1858783,000000;537,986292;554075,000000;1987606,000000;0,278765
intel;ttas;mutex;4;1000;100;5350699;0;5350699;1783356,000000;560,740446;555386,000000;2029228,000000;0,273693
intel;ttas;mutex;4;1000;100;5531401;0;5531401;1843559,000000;542,428994;371752,000000;3178669,000000;0,116952
intel;ttas;mutex;4;5000;100;1617602;0;1617602;539135,000000;1854,822759;243086,000000;484838,000000;0,501376
intel;ttas;mutex;4;5000;100;1631795;0;1631795;543861,000000;1838,701975;255963,000000;538063,000000;0,475712
intel;ttas;mutex;4;5000;100;1614941;0;1614941;538267,000000;1857,811676;102255,000000;915905,000000;0,111644
intel;ttas;mutex;4;5000;100;1627624;0;1627624;542477,000000;1843,393756;88367,000000;917771,000000;0,096284
intel;ttas;mutex;4;5000;100;1663016;0;1663016;554272,000000;1804,167151;127840,000000;676706,000000;0,188915
